SMILES,newcount
[*]c1ccn([*])c(n1)=O,39
S1C[C@H]([*])N([C@H]12)C(=O)C2,36
[nH]1c(=O)n([*])ccc1=O,35
[*][C@@H]1C(=O)N([C@@H]12)C=C([*])CS2,24
[*]n1cccnc1=O,23
n1cn([*])c(c12)[nH]c(=N)nc2,19
[*]C1=CNC=CC1[*],17
[*]c1c([*])c(=O)oc(c12)cccc2,17
O=C1C([*])SC(=O)N1,17
[*]c1nc(=N)ccn1[*],15
n1cn([*])c(c12)nc[nH]c2=O,15
[*]C1=NCCN1,15
O=C1[C@@H]([*])CCN1[*],14
C=C1C([*])CCCC1,13
[*]N1CCCC1=O,13
[*]/C=C1\C(=C)CCCC1,11
[*]n1cnc(c12)[nH]c(=O)[nH]c2=O,11
[*][C@@H](N1)CCC1=O,11
n1cn([*])c(c12)[nH]cnc2=O,11
[*]c1c([*])n([*])c(=O)[nH]c1=O,11
[*]c1c([*])nc(=O)n([*])c1,11
[*]c1c(=O)[nH]c(=O)n([*])c1,10
O=C1N([*])C(=O)c(c12)cccc2,9
[*]C1([*])CC[C@H]([C@@]12[*])[C@H]3C([C@@H]([*])C2)[C@]4([*])C(CC3)=CC(=O)C=C4,9
[*]C1=NCCO1,9
[*][C@@H]1SC[C@@H]([C@@H]12)NC(=O)N2,8
[*]N1C(=O)N([*])C(C12)C[S+]3C2CCC3,8
C1=CC[C@H]([*])C(C1=2)[C@@H]([*])CCC2,8
O=C1C([*])C(=O)NC(=O)N1,8
[*][C@H]1CC[C@H]([C@@]12[*])[C@H]3[C@H](CC2)[C@]4([*])C(=CC3)C[C@@H]([*])CC4,8
O=c1c([*])cn([*])c(c12)nc([*])cc2,8
[*]N1C(=O)C=CC1=O,8
O=C1C([*])=CC(=O)c(c12)cccc2,8
[*]C1([*])C(=O)NC(=O)NC1=O,8
[*]c([nH]1)nc(c12)n([*])c(=O)n([*])c2=O,8
[*]C1=CNC=C([*])C1[*],7
O=C1C([*])C(=O)c(c12)cccc2,7
[*][C@@H]1C(=O)N([C@@H]12)CCS2,7
[*]n1ccccc1=O,7
[*]C1C(=O)Nc(c12)cccc2,7
O=c1c([*])cn([*])c(c12)cc([*])cc2,7
O=c1cc([*])oc(c12)cccc2,7
[*]n1c(=O)[nH]c(c12)cccc2,7
[*]C1=CC[C@@H]([*])CC1,7
O=C1C[C@H]([*])CN1[*],7
[*]c1c([*])c(=O)oc(c12)cc([*])cc2,7
[*][C@@H]1C(=O)N([C@@H]12)C([*])=C([*])CS2,7
[*]c1c([*])c(=O)c1=O,7
[*]c1c([*])c([*])[nH]c(=O)c1[*],7
[*]c1c([*])ccn([*])c1=O,7
O=c1[nH]c(=O)nc(c12)n([*])c3c(n2)cccc3,6
[*][C@H]1C(=O)N([C@@H]12)C=C([*])C2,6
O=c1n([*])c(=O)[nH]c(c12)nc[nH]2,6
c1cc([*])cc(c12)oc(=O)cc2,6
[*]N1CCCCCC1=O,6
O=C1C([*])SC(=N)N1,6
O=C1C([*])CCC(=O)N1,6
[*]c(n1)cnc(c12)nc[nH]c2=O,6
[*]N1CCN([*])CC1=O,6
[*]c1nn([*])c(=O)c(c12)cccc2,6
[*]c1c(C)n([*])c(=O)n([*])c1=O,6
[*][C@H](O1)CN([*])C1=O,6
[*]c1cc(=O)[nH]c(=O)[nH]1,6
[*]c1cc([*])cc(c12)oc([*])cc2=O,6
[*]C1([*])C(=O)N([*])C(=O)N1,6
[*]c(c1)ccc(c12)N([*])C(=O)C([*])N=C2[*],6
[*]C1([*])CC[C@H]([C@@]12[*])[C@H]3[C@H](CC2)[C@@H]4C(CC3)=CC(=O)CC4,6
[*]c(c1)ccc(c12)N([*])C(=O)CN=C2[*],6
[*]c1c([*])[nH]c(=O)[nH]c1=O,6
[*]C1=N[C@@H]([*])[C@@H]([*])N1[*],6
[*]c1c(=O)[nH]c(=O)[nH]c1,6
C1C[C@H]([*])C(=O)Nc(c12)cccc2,5
O=C1[C@H]([*])[C@@H]([*])CC1,5
[*]n1cncnc1=O,5
[*]C([*])(O1)C(=O)N(C1[C@H]23)[C@@H]([*])C(=O)N3CCC2,5
[*]c1cccc(c12)[nH]c(=O)cc2,5
[*]c1c(=O)n([*])[nH]c1,5
O=C1C([*])CCN1[*],5
[*]c1coc(=O)o1,5
[*][C@@H]1C=C[C@H]([*])CC1,5
O=C1[C@H]([*])CCN1,5
[*]c1c([*])c(=O)[nH]c(c12)cccc2,5
[*]c1c[nH]c(c12)[nH]c(=N)nc2[*],5
[*]C1=N[C@@H]([*])CO1,5
[*][C@@H](O1)CCCC1=O,5
[*]c(c1)c([*])cc(c12)n([*])cc([*])c2=O,5
O=C1C([*])C(=O)N([*])N1[*],5
O=c1n([*])cnn1[*],5
[*]N1CCNC(=O)C1=O,5
O=c1c([*])c([*])oc(c12)cccc2,5
O=C1N([*])CCO1,5
c1cc([*])cc(c12)O[C@H]([*])CC2=O,5
c1ccc([*])c(c12)oc([*])cc2=O,5
[*]C1=C[C@@H]([*])N([*])C1,5
[*]c1cc(=O)n([*])cc1,5
O=C1N([*])CCN1,5
O=c1c([*])coc(c12)cc([*])cc2,5
C123c4c5c([*])ccc4C[C@@H](N([*])CC3)[C@]2(O)CCC(=O)[C@@H]1O5,5
[*]C1([*])CC[C@H]([C@@]12[*])[C@H]3C([C@@H]([*])C2)=C4C(CC3)=CC(=O)CC4,5
[*]c(c1)c(=O)oc(c12)cc([*])cc2,5
n1nc([*])n(c12)c3c(C([*])=NC2)cc([*])cc3,5
O=C1[C@@H]([*])CCCCN1[*],5
C123c4c5c([*])ccc4C[C@@H](N([*])CC3)[C@@H]2C=C[C@H]([*])[C@@H]1O5,5
O=c1[nH]c([*])nc(c12)n([*])cn2,5
[*]C1C(=O)Nc(c12)ccc([*])c2,5
[*]c1c([*])c(=O)[nH]c(c12)ccc([*])c2,5
[*]C1=CCN([*])CC1,5
[*]c1c([*])c(=O)oc(c12)c([*])c([*])cc2,5
[*]c1c([*])cc([*])[nH]c1=O,5
[*]c1n[nH]c(c12)c(=O)nc([*])[nH]2,4
[*][C@H](C1)CN([*])[C@H](C2)C=1c3cccc4[nH]cc2c34,4
c1cccc(c12)N([*])c3c(C=C2)cccc3,4
[*]C1([*])CC[C@H]([C@@]12[*])C3C(C(=O)C2)[C@]4([*])C(CC3)=CC(=O)C=C4,4
[*]C=C1CCCCC1,4
[*][C@@H]1C(=O)N([C@@H]12)C=CCS2,4
[*][C@@H]1C(=O)N([C@@H]12)C=C([*])CO2,4
[*]C1=CC(=O)C=CC1=O,4
[*][C@@H](O1)C=CC1=O,4
[*]C1([*])CC[C@H]([C@@]12[*])[C@H]3C([C@@H]([*])C2)[C@]4([*])C(CC3)=CC(=O)CC4,4
O=C1N([*])[C@H]([*])CC[C@@H]([*])N1[*],4
[*]n1c(=O)n([*])c(c12)ncnc2,4
[*]C1=C([*])C(=O)NC1=O,4
C1NC([*])([*])CC[C@]12CCC(=O)N2,4
O=C1[C@H]([*])C(=O)Oc(c12)cccc2,4
[*]C(=N1)CC([*])=Nc(c12)cccc2,4
[*]c1cc([*])c([*])c(c12)oc([*])c([*])c2=O,4
[*]c(c1)c([*])cc(c12)occ([*])c2=O,4
[*]c1nc(=O)n([*])c(c12)ccc([*])c2,4
[*][C@@H]1N([*])C(=O)[C@H]([*])N([C@H]12)C(=O)CN([*])N2[*],4
[*]c1n([*])nc(c12)N3C(N([*])C2=O)=N[C@H]4[C@@H]3CCC4,4
[*]c1c(=N)[nH]c([*])nc1,4
[*]c1ccc(=O)[nH]n1,4
O=c1[nH]c(N)nc(c2[*])c1cc(c23)[nH]cn3,4
O=C1C([*])SC(=S)N1[*],4
O1C[C@H]([*])NC1=O,4
O=C1C[C@H]([*])C[C@H]([*])N1[*],4
O=C(O1)C([*])=CCC1([*])[*],4
c1cc([*])cc(c12)[nH]c(=O)cc2,4
[*]C1([*])[C@@H]([*])C[C@H]([C@@]12[*])C3[C@]([*])([C@@H]([*])C2)[C@]4([*])C(CC3)=CC(=O)C=C4,4
[*][C@H]1CC[C@H]([C@@]12[*])[C@H]3[C@H](CC2)[C@]4([*])C(CC3)=CC(=O)CC4,4
[*]c(c1)ccc(c12)NC(=O)CC2,4
C1=CC([*])C=CC1=[N+]([*])[*],4
[C@]123c4c5c([*])ccc4C[C@@H](N([*])CC3)[C@@H]2C=C[C@H]([*])[C@@H]1O5,4
[*][C@@H]1C=C[C@H]([*])O1,4
c1ccc([*])c(c12)nc[nH]c2=O,4
[*]c(c1)ccc(c12)C(=O)N([*])C2=O,4
[*]N1C(=O)CCC1=O,4
[*]C1([*])CC[C@H]([C@@]12[*])[C@H]3C(CC2)=C4C(CC3)=CC(=O)CC4,4
O=C1[C@H]([*])NC(=O)[C@H]([*])N1,4
[*]c1cc(=O)[nH]c(c12)ccc([*])c2,4
O=c1n([*])c([*])nc(c12)cccc2,4
[*]C1([*])C([*])=NC(=O)N=C1[*],4
c1cc([*])cc(c12)NC(=O)CC2,4
[*]c(c1)ccc(c12)NC(=O)CN=C2[*],4
[*]c1cc(=O)n([*])c(=O)n1[*],4
[*]c1c([*])c(=O)n([*])c(c12)nc([*])nc2,4
[*]C1=NCCCN1[*],4
c1cc([*])c([*])c(c1C=23)N=C([*])N3CCN2,4
[*]c1cc(=O)oc(c12)cc([*])cc2,4
[*][C@H]1CC[C@H]([C@@]12[*])[C@H]3[C@H](CC2)[C@@H]4C(CC3)=CC(=O)CC4,4
[*]n1c([*])nc(c12)n([*])c(=O)n([*])c2=O,4
O=C(O1)C([*])=C([*])CC1([*])[*],4
O=C1C([*])=C([*])C(=O)c(c12)cccc2,4
[*]c1cccc(c12)nc([*])n([*])c2=O,4
[*]C1([*])CC[C@H]([C@@]12[*])[C@H]3C(C=C2)=C4C(CC3)=CC(=O)CC4,4
[*]c1c(=N)nc([*])n([*])c1,4
[*]C1=NC([*])C(=O)N1[*],4
[*]C1=C([*])C(=O)C([*])=C([*])C1=O,4
[*][C@H](O1)C(=O)N(C1[C@H]23)[C@@H]([*])C(=O)N3CCC2,3
c1cc([*])cc(c12)OC[C@H]3[C@H]2C=CCC3,3
[*]c1cc(=O)[nH]c(=S)[nH]1,3
C1=CNS(=O)(=O)c(c12)cccc2,3
[*]C1=C([*])C([*])c(c12)ccc([*])c2,3
[*]c1c([*])c([*])c([*])c(c12)COC2=O,3
[*]C1=CC[C@@H]([*])[C@@H]([*])O1,3
[*][C@H]1[C@@H]([*])OC=CC1,3
N1=CN([*])C(=O)C12CCCC2,3
[*][C@H]1C(=O)C[C@H]([C@@H]12)O[C@@H]([*])CC2,3
[*][C@H]1CC[C@H]([C@@]12[*])[C@H]3C(CC2)[C@]4([*])[C@@H](CC3)NC(=O)C=C4,3
c1cc([*])c(c2c13)OCCn2cc([*])c3=O,3
C1C[C@H]([*])C[C@@H]([*])C(CCC2)C([C@@]123)C(=O)CC3,3
[*]C1([*])CC[C@H]([C@@]12[*])C3C(C(=O)C2)[C@]4([*])C(CC3)=CC(=O)CC4,3
[*]n1[nH]ccc1=O,3
[C@]123c4c5c([*])ccc4C[C@@H](NCC3)[C@@H]2C=C[C@H]([*])[C@@H]1O5,3
[*]C1=COCCS1,3
[*]c1ccc(=O)n([*])c1,3
O=C1N([*])C(=O)[C@@H]([C@@H]12)[C@@H]3C[C@H]2CC3,3
C1C[C@@H]([*])N(C(=O)N2)C[C@@H]12,3
[*][C@H]1[C@H]([*])C[C@H]([C@@]12[*])C3[C@]([*])([C@@H]([*])C2)[C@]4([*])C([C@@H]([*])C3)=CC(=O)C=C4,3
[*]c1c(=O)c([*])cn([*])c1,3
[*]C1([*])[C@@H]([*])C[C@H]([C@@]12[*])C3C(C(=O)C2)[C@]4([*])C(CC3)=CC(=O)C=C4,3
O=C1C([*])N=CN1[*],3
N1CN([*])c(c12)[nH]c(=N)nc2,3
[*][C@@H](N1)C(=O)N(C=12)C=C([*])N[C@H]2[*],3
O=C1C[C@@H]([*])Oc(c12)cccc2,3
O=C1C([*])Nc(c12)cccc2,3
[*]c(c1)c(=O)[nH]c(c12)nc([*])nc2,3
[nH+]1cn([*])c(c12)[nH]c(=N)nc2,3
[*][C@@H](S1)C=CC1=O,3
[*]c1cccc(c12)C(=O)N([*])C2=O,3
O=S1(=O)N([*])CC(=O)N1,3
O=C1[C@@H]([*])CCO1,3
[*]/C=C/1C(=O)Nc(c12)cccc2,3
[*]C1=NC(=O)C([*])S1,3
[*]c1c([*])oc(=O)o1,3
[*]c1cccc(c12)NC(=O)C2,3
[*][C@@H](C1)CN([*])[C@H](C2)C=1c3cccc4[nH]cc2c34,3
C=C1[C@@H]([*])[C@H]([*])[C@H]([*])CC1[*],3
O=C1O[C@]([*])(C12[*])[C@@H]([*])C(=O)N2,3
O=c1[nH]c([*])nc(c12)NC[C@@H]([*])C2,3
c1cc([*])nc(c12)NC(=O)C([*])([*])O2,3
O=C1C([*])NC(=O)N1,3
O=C1N([*])CCN1[*],3
[*]c(c1)[nH]c(c12)CCNC2=O,3
O=c1c([*])coc(c12)cccc2,3
O=C1N([*])Cc(c12)cccc2,3
[*]c(n1)c(=O)n([*])c(c12)cccc2,3
O=C1C([*])NC(=O)N1[*],3
[*]c(c1)ccc(c12)[nH]c([*])nc2=O,3
O=C1C([*])C(=O)CCC1,3
[*]C1=NCC(=O)Nc(c12)cccc2,3
C123c4c5c([*])ccc4C[C@@H](N([*])CC3)[C@@H]2CCC(=O)[C@@H]1O5,3
[*]c(n1)c([*])cc(c2=O)c1oc(c23)ccc([*])c3,3
[*][C@@H]1C=C[C@H]([*])C1,3
N1C(=O)N([*])CC1=O,3
O=C1CC[C@H]([C@@]12[*])[C@H]3[C@H](CC2)[C@]4([*])C(=CC3)C[C@@H]([*])CC4,3
[*]c1c([*])[nH]c(=O)[nH]1,3
O=C1C([*])CCS1,3
O=C1C[C@@H]([*])CN1[*],3
[*]c(c1)c([*])c([*])c(c12)n([*])cc([*])c2=O,3
[*]C1C(=O)Nc(c12)cc([*])cc2,3
[*]C1([*])C(=O)CCCC1,3
[*]c1cc([*])cc(c12)C(=O)c3c(C2=O)c([*])ccc3,3
O=S1(=O)C([*])([*])[C@H]([*])N([C@H]12)C(=O)C2,3
[*]C1([*])CC[C@H]([C@@]12[*])[C@H]3[C@H](CC2)[C@@H]4C(CC3)=CCCC4,3
[*]C1([*])[C@H]([*])C[C@H]([C@@]12[*])C3[C@]([*])([C@@H]([*])C2)[C@]4([*])C(CC3)=CC(=O)C=C4,3
[*]C1([*])C(=O)Nc(c12)cccc2,3
[*]c1cc([*])cc(c12)O[C@H]([*])CC2=O,3
[*]c1c([*])c(=O)oc(c12)CCCCCC2,3
[*]/N=C\1C([*])Nc(c12)cccc2,3
[*][C@H]1[C@H]([*])OC=CC1,3
[*]C1=N[C@@H]([*])C(=O)N([C@H]12)CCC2,3
[*]C1([*])N=C([*])N=C([*])N1[*],3
O=C1NC(=O)c(c1c23)c([*])cc3n([*])c4c2cc([*])cc4,3
[*]C(S1)=NC(=O)C1([*])[*],3
[*]c1c(=O)n([*])ccc1,3
[*][C@H]1CC[C@H]([C@@]12[*])[C@H]3[C@H](CC2)[C@]4([*])[C@H](CC3)CC(=O)CC4,3
[*]C1=C([*])N=NC1=N,3
[*]c(c1)c([*])cc(c12)[nH]cc([*])c2=O,3
O=c1c([*])c([*])oc(c12)cc([*])cc2,3
O=C1[C@H]([*])C[C@@H]([*])N1,3
[*]C1=N[C@H]([*])C(=O)Nc(c12)cccc2,3
[*]c1c([*])sc(c12)n([*])c(=O)n([*])c2=O,3
[*][C@H]1C=CO[C@@H]([*])[C@@H]1[*],3
C1=C[C@H]([*])[C@H]([*])C(C1=2)[C@@H]([*])CCC2,3
[*]c1cc(=O)[nH]c([*])n1,3
[*]C1=NC(=O)[C@@H]([*])S1,3
[*]C(O1)CN([*])C1=O,3
[*]C1=NCC([*])O1,3
[*]c1ccc([*])c(c12)sc3c(c2=O)cccc3,3
[*]N1[C@@H]([*])CCC1=O,3
[*][C@@]12[C@@H]3[C@@H](N3[*])CN2C4=C([C@H]1[*])C(=O)C([*])=C([*])C4=O,3
[*]c(c1)ccc(c12)NC(=O)C([*])N=C2[*],3
[*]c1c(=O)n([*])cc([*])c1,3
[*]c1c([*])n([*])c(c12)C(=O)C=C([*])C2=O,3
[*]C1=NS(=O)(=O)c(c12)cccc2,3
[*]c1csc([*])n1,3
[*]c1c[nH]c(c12)nc([*])[nH]c2=O,3
[*]C1=C[C@H]([*])[C@@H]([*])[C@H]([*])O1,3
[*]C1=C([*])N[C@@H]([*])SC1,3
[*]C=1C(=O)N=c(c12)ccc([*])c2,3
[*][C@H]1C(=O)N([C@@H]12)C([*])=C([*])S2,3
[*]c1c([*])c(=O)n([*])c(c12)cccc2[*],3
[*]c1c([*])n([*])c(=O)c([*])c1,3
C1[C@@H](O)C=C([*])[C@H]([*])C1([*])[*],2
[*]C1=CN([*])C=CC1,2
O=c1n([*])c(=O)n([*])c(c12)nc[nH]2,2
C#C[C@]1([*])CC[C@H]([C@@]12[*])C3[C@H](C(=C)C2)[C@@H]4C(CC3)=CC(=O)CC4,2
[*]c(c1)sc(c12)Nc3c(N=C2[*])cccc3,2
[*]N1C(=O)[C@H]([*])[C@H]([*])Sc(c12)cccc2,2
[*][C@H](N1)CNc(c12)nc[nH]c2=O,2
O=C1N([*])C[C@H]2CCCc3cccc1c23,2
[*][C@H]1CC[C@H]([C@@]12[*])[C@H]3[C@@H](CC2)[C@@]4([*])C(C=C3)=CC(=O)CC4,2
O=C1N([*])[C@@H]([*])c(c12)nccn2,2
C1=CC([*])C=CC1=[N+](C)C,2
C=C1[C@H]([*])[C@@H](O)C[C@@H]1[*],2
[*][C@@H]1C(=O)N([C@@H]12)C=CCC2,2
O=c1c([*])c[nH]c(c12)nc([*])cc2,2
[*]C1=[N+]([*H2-])CC([*])=Nc(c12)ccc([*])c2,2
[*]c1cc([*])cc(c12)OC([*])([*])[C@H]3[C@H]2CC(=O)CC3,2
C1C(=O)N([*])C(=O)CC12CCCC2,2
[*]C1=C([*])COC1=O,2
[*][C@@H]1CNC=Nc(c12)n([*])cn2,2
N1CCN(C2([*])[*])C=1c(c23)cccc3,2
[*]C1([*])CC[C@H]([C@@]12[*])[C@H]3[C@H](CC2)[C@]4([*])[C@@H](CC3)CC(=O)OC4,2
[*]C(N1)CCC1=O,2
[*]n(n1)c(=O)n(c12)cccc2,2
[*]c1n[nH]c(=O)[nH]1,2
O=c1cc([*])[nH]c(c12)c([*])c3c(c2)c(=O)cc([*])o3,2
[*]c(n1)c([*])c(=O)n(c12)CCCC2,2
C1N=C([*])N2c(cccc3)c3Cc(c4C12)cccc4,2
C1[C@@H]2C[C@H]([*])C[C@H](C3)N2CC(=O)[C@H]13,2
O=c1n([*])nnn1[*],2
O=c1c([*])c[nH]c(c12)cc([*])cc2,2
O=c1[nH]c(=O)n([*])c(c12)nc[nH]2,2
[nH]1nc([*])c(=O)c(c2)c1cc(c23)OCO3,2
[*]c(c1)c(=N)cc(c12)n([*])c3c(n2)cccc3,2
[*][C@H](N1)CN(C=12)CCS2,2
[*]c1ncn(c12)c(=O)n([*])nn2,2
[*]c1cccn(c12)c(=O)c([*])cn2,2
C1=CC(=O)C=C([C@]12[*])CC[C@@H]3[C@@H]2CC[C@@]4([*])[C@H]3CCC(=O)O4,2
[*][C@H]1CC[C@H](C12)[C@H]3[C@H](CC2)[C@@H]4C(CC3)=C/C(=N/[*])CC4,2
[*]c1cc(=O)cc(c12)oc3c(n2)c([*])ccc3,2
O=C1CC[C@H]([C@@]12[*])[C@H]3[C@H](CC2)[C@]4([*])C(C(=C)C3)=CC(=O)C=C4,2
O=C1CN([*])CC2N1CCc(c23)cccc3,2
[*]c1c([*])[nH]c(=O)nc1,2
C1C[C@H]([*])[C@@]([*])(CC2)[C@@H]1[C@H](CC3)[C@H]2[C@@]4([*])CC([*])=C([*])[C@H]([C@]345)O5,2
[*]N(C1)CC([*])/C1=N/[*],2
O=S1(=O)C([*])NC(=O)CC1,2
c1cc([*])cc(c12)[nH]c(=O)n2[*],2
[*]c1cc([*])n([*])c(=O)c1,2
c12c3c([*])[nH]c1cccc2C=4[C@@H](C3)N([*])C[C@H]([*])C4,2
[*]c1c([*])c([*])c([*])c(c12)n([*])cc([*])c2=O,2
[*]C1=NC(=O)C([*])O1,2
[*]C1([*])C(=O)N([*])C(=O)c(c12)cc([*])cc2,2
O=C1N([*])C(=O)Cc(c12)cccc2,2
[*]C1=CC(=O)OC([*])C1,2
[*][C@@]12[C@@]3([*])[C@H](O[C@@H]([*])O3)C[C@H]1[C@H]4C([C@@H]([*])C2)[C@]5([*])C(CC4)=CC(=O)C=C5,2
[*][C@H]1CC[C@H]([C@@]12[*])C=3[C@H](CC2)[C@]4([*])C(=CC3)C[C@@H]([*])CC4,2
[*]N1CNC(=O)C12CCN([*])CC2,2
[*]C(C1)C(=O)CC2N1CCc(c23)cccc3,2
[*]/C=C/1[C@@H](C=C([*])C2)Cc(c3[C@]12[*])[nH]c(=O)cc3,2
O1COc(c2)c1cc(c2C([C@@]345)[C@H]([*])C=C3)CCN5CCC4,2
[*]c1ccc([*])c(c12)C(=O)c3c(C2=O)ccnc3,2
C123c4c5c([*])ccc4C[C@@H](N([*])CC3)[C@]2([*])CCC(=C)[C@@H]1O5,2
[*]C1=CNC([*])=CC1[*],2
[*]C1([*])CC[C@H]([C@@]12[*])[C@H]3[C@H](CC2)[C@@H]4C(CC3)=C/C(=N\[*])CC4,2
O=S1(=O)NC([*])=Cc(c12)scc2,2
O=C1N([*])C(=O)[C@@H](C12)[C@@H]3C[C@H]2CC3,2
O=c1c([*])c[nH]c(c12)cccc2,2
[*]c1noc(=O)[nH]1,2
O=C1CC[C@H]([C@@]12[*])[C@H]3[C@H](CC2)[C@]4([*])C(CC3)=C([*])C(=O)CC4,2
[*][C@H]1[C@H]([*])C[C@H]([C@@]12[*])[C@H]3C([C@@H]([*])C2)[C@]4([*])C([C@@H]([*])C3)=CC(=O)C=C4,2
[*]C1([*])CC[C@H]([C@@]12[*])[C@H]3[C@H](CC2)C4=C(C[C@H]3[*])CC(=O)CC4,2
[*]c(c1)ccc(c12)Sc3c(C=C2[*])cccc3,2
[*]N1CCCC1=N,2
[*]/C=C(/C1([*])[*])N([*])c(c12)ccc3c2cccc3,2
[*]C1([*])C([*])=[NH+]c(c12)ccc3c2cccc3,2
[*]c(c1)c([*])cc(C2=O)c1C([*])([*])c3[nH]c(c4c23)cc([*])cc4,2
[*][C@H]1CC[C@H]([C@@]12[*])[C@H]3[C@H](CC2=O)[C@]4([*])[C@H](CC3=O)CC(=O)CC4,2
[*]c1c(=N)cc[nH]c1,2
C123c4c5c([*])ccc4C[C@@H](N([*])CC3)[C@]2([*])CC([*])=C([C@@H]1O5)O,2
[*]c(c1)cc2N[C@H]([*])[C@@H]([*])c3n[nH]c(=O)c1c23,2
[*]c(c1)c(=O)c([*])c(C2=O)n1C[C@H](N2[C@H]34)O[C@@H](C3)CC4,2
[*]N1C(=S)N([*])C(=O)C12CCC2,2
[*]C(=N1)O[C@@H]([C@]1([*])[C@]23[*])C[C@H]2[C@H]4C([C@@H]([*])C3)[C@]5([*])C(CC4)=CC(=O)C=C5,2
[*]c1cccc(c12)cc([*])n([*])c2=O,2
O=C1N([*])C(=O)[C@@H](C2C=C3)C1[C@H]3[C@@H]([C@@H]24)C4,2
[*]c1cccc(c12)[C@H]([*])N([*])C([*])=N2,2
[*]c(c1)c([*])cc(c12)CCN3[C@H]2CC(=O)[C@@H]([*])C3,2
[*]C1=NN([*])C(=O)C1,2
O=C1OC(=O)[C@@]([*])([C@@]12[*])[C@H]3CC[C@@H]2O3,2
c12c3c([*])[nH]c1cc([*])cc2C(=O)NCC3,2
[*][C@@H]1C(=O)N([C@@H]12)[C@@H]([*])CS2,2
C=C(C1)[C@@]([*])(C2)CCC([C@]123)[C@@]4([*])[C@H](CC3)C([*])([*])CCC4,2
c1cccc(c12)NN=CC=C2,2
[*]C1=CC[C@H]([C@@H]([*])O1)N,2
[*]C1=CCC[C@@H]([*])O1,2
[*]C1([*])CC[C@H]([C@@]12[*])C3C(C(=O)C2)[C@]4([*])C([C@@H]([*])C3)=CC(=O)C=C4,2
C=C1C(=O)O[C@H]2[C@H]1CC\C=C\CCC(O3)[C@H]23,2
[*]C12C([*])([*])C(CC1=O)CC2,2
c1cc([*])cc(c12)N([*])C(=O)CC2,2
[*]n1sc(Cl)cc1=O,2
[*]N1[C@H]([*])CCC1=O,2
[*][C@H]1CC[C@H]([C@@]12[*])[C@H]3[C@H](CC2)[C@]4([*])[C@@H](CC3)CC(=O)C=C4,2
[*]c(c1)cnc(c12)NC(=O)CC2,2
O=C1[C@@H]([*])O[C@@H]([*])CC1,2
[*][C@H]1CC[C@H]([C@@]12[*])[C@H]3C(CC2)[C@]4([*])C(=CC3)C[C@@H]([*])CC4,2
[*]c1c[nH]c(c12)C(=O)C=CC2=O,2
[*][C@H](C1)NC(=O)[C@H]([*])NC(=O)CCCOc(ccc12)cc2,2
[*]c(c1)ccc(c12)[nH]c(=N)nc2,2
C1O[C@H]([*])N=CC1=C,2
[*][C@@H](O1)CC[C@@]12C(=O)N([*])C=N2,2
[*]n1c(=O)n([*])c(c12)[nH]c(=O)[nH]c2=O,2
N1C(=O)NC(=O)[C@]12c3c(OCC2)cccc3,2
[*]c1nc(=N)[nH]c(c12)[nH]cn2,2
[nH]1c(=O)n([*])ncc1=O,2
[*]C(=C1)N([*])S(=O)(=O)c(c12)scc2,2
[*][C@@H]1SC[C@@H]([C@@H]12)NC(=N)N2,2
O=c1cc[nH]c(=O)[nH]1,2
[*]/C=C1/C(=C)CCCC1,2
C1S[C@H]([*])N=CC1=C,2
[*]C1C(=O)Nc(c12)ccc(c2)S([*])(=O)=O,2
[*]n1nccnc1=O,2
[*]c1nccc(=O)n1[*],2
[*]C1=CC(=O)C([*])=CC1=O,2
N1C[C@@H]([*])CC1=O,2
[*][C@H]1CC[C@H]([C@@]12C=O)[C@H]3C([C@@H]([*])C2)[C@]4([*])C(CC3)=CC(=O)CC4,2
[*]C1=NCCN1[*],2
c1cccc(c1c23)C(=N[*])c2cccc3,2
O=C1N([*])C(=O)N([C@H]12)CCC2,2
[*]/C=C1/C(=O)OCC1,2
[*]\N=C1\[C@H]([*])CCCO1,2
[*]c1c[nH]c(c12)nc[nH]c2=O,2
O=C1C[C@@H]([*])N=CN1,2
[*]c(n1)[nH]c(c12)cc3c(c2)c(=O)[nH]cn3,2
[*]c1[nH]nc(c12)c3c(C2=O)c([*])ccc3,2
O=C1[C@H]([*])OC(=O)N1[*],2
[*]N1CC=CC1,2
[*][C@@H]1C=CCN1[*],2
[*][C@@H](C1)C(=O)NCCCCCCn(cc1c23)c2cccc3,2
[*]c1cccc(c12)C(=O)NC(=O)C2=O,2
[*][C@@H]1C=CCCC1,2
[*]n1c([*])nc(c12)[nH]c(=O)[nH]c2=O,2
[*]c1n[nH]c(c12)c(=O)[nH]c([*])n2,2
O=C1[C@@H]([*])CS[C@H]([*])CN1[*],2
[*]C1=CNC=C[C@@H]1[*],2
O=C1OC([*])c(c12)cccc2,2
[*][C@H]1[C@@H]([*])COc2ccc(c3c12)ccc(=O)o3,2
O=c1c([*])c[nH]c(c12)nc([*])nc2,2
c1ccc([*])c(c12)oc(=O)[nH]2,2
[*]C1([*])CC[C@H]([C@@]12[*])[C@H]3C(=CC2)[C@]4([*])C(CC3)=CC(=O)CC4,2
c1cccc(c2[*])c1nc(c23)c4n(C3)c(=O)c5c(c4)C([*])([*])C(=O)OC5,2
[*][C@@H](O1)CN([*])C1=O,2
c1cc([*])cc2c1ncc(c23)n([*])c(=O)n3[*],2
[*]N1[C@H]([*])C(=O)N[C@H]([*])C1=O,2
[*]c1cnc(=N)[nH]c1,2
[*][C@@H](O1)C\C=C\[C@H]([*])CCCCCC1=O,2
[*]C1=C([*])NC=CC1[*],2
[*]c1cccc(c12)NC(=O)CC2,2
c1cccc(c1c23)n([*])c2CCN([*])C3=O,2
[*]c1cccc(c12)oc([*])cc2=O,2
C1=CC([*])C=CC1=O,2
[*]c1cc(=O)sc(c12)cccc2,2
[*]c1c(=O)n([*])c([*])nc1,2
[*][C@@H]1CCCc(c12)[nH]c(=O)cc2,2
C1=C[C@@H]([*])n(c12)c(=O)c([*])nc2[*],2
[*]C1=NC=C([*])N([*])C1[*],2
O=C1[C@H]([*])Cc(c12)cc([*])c([*])c2,2
O[C@H]1CC[C@H]([C@@]12[*])[C@H]3[C@H](CC2)[C@]4([*])[C@@H](CC3)CC(=O)CC4,2
[*]c1c(=N)[nH]c(=N)[nH]c1,2
[*]c1cc([*])c([*])c(c12)O[C@@H]([*])C=C2,2
[*]c1cccc(c12)N([*])C(=O)C\2=N/[*],2
O=C1C[C@H]([*])C[C@H]([*])O1,2
[*]c1cc([*])c([*])c(c12)CC(=O)CCC/C=C\CCOC2=O,2
c12c3n(nc1)c([*])nc(n3)Nc4cc(ccc4)NC(=O)CCCC2,2
[*]C(C1)=Nc(c12)cccc2[*],2
O=C1[C@@H]([*])SC(=O)N1,2
[*]c1cc([*])c([*])c(c12)O[C@H]([*])C=C2,2
C1C(=O)N=C([*])CC1([*])[*],2
[*]N(N1)C(=O)CC1=N,2
[*]c1c([*])c([*])c([*])c(c12)oc([*])cc2=O,2
[*]c1c[nH]c(c12)c(=O)nc([*])[nH]2,2
O=C1[C@@H]([*])CCc2n3CCCc(c3c4c12)ccc4,2
O=C1C([*])C(=O)ON1,2
c12c3c4c([*])ccc3oc(=O)c1c(O)c5c(c2oc4=O)c([*])ccc5,2
O=C1N([*])C(=O)c(ccc2)n2[C@]13C(=O)NC(=O)C3,2
[*]c(c1)ccc(c12)[nH]c(=N)[nH]c2=N,2
c1cc([*])cc(c12)nc([*])n([*])c2=O,2
[*]c1cc([*])c([*])c(c12)OC([*])C=C2,2
[*]N1C(=O)[C@@H]([*])NC(=O)C12CCN([*])CC2,2
[*]c(c1)c(=O)n([*])c(c12)nc([*])nc2,2
[*]C1=NC(=O)SC1[*],2
[*]c(c1)ccc(c12)nc([*])oc2=O,2
O1C[C@H]([*])Oc2c1ccc(c23)NC(=O)C3,2
[*]c1c([*])cc([*])n([*])c1=O,2
[*]c(c1)ccc(c12)OCC([*])=N2,2
[*]c1c([*])nc([*])n([*])c1=O,2
[*]c1nsc(c12)nc([*])n([*])c2=O,2
c1nc([*])nc(c12)n([*])n([*])c2=O,2
[*]C1=CC[C@H]([C@@]12[*])C([*])CCC2,2
[*]c(c1)c([*])cc(N=C2)c1C(=O)N([C@H]23)CC(=C)C3,2
c1nc([*])nc(c12)N([*])C([*])C(=O)N2[*],2
[*]c1c([*])c(=O)n([*])c(c12)ncn([*])c2=O,2
[*]N1C(=O)[C@H]([*])C(=O)N([*])c(c12)cccc2,2
[*]C1=N[C@@H]([*])C(=O)N([*])c(c12)cccc2,2
[*]c1[nH]c(=N)nc(c12)n([*])cn2,2
[*]c(c1)ccc(c12)OCCN([*])C2=O,2
[*]n1c(=S)[nH]c(=O)c(c12)[nH]cc2,2
[*]c(c1)c([*])cc(c1c23)oc(=O)c2cc([*])cc3,2
c1cccc(C=C2[*])c1Oc(c23)cccc3,2
n1cn([*])c(=O)c(cc2[*])c1c(c23)cccc3,2
[*]c1c(=O)[nH]nc([*])c1,2
[*]N1OCCCC1=O,2
[*][C@@H]1[C@@H]([*])CC[C@@H](C12)CN([*])C2,2
[*]c1nn([*])c(=O)[nH]1,2
[*]c1cc([*])cc(c12)CN([*])C2=O,2
[*]c1c([*])c(=O)n([*])c(c12)cc([*])cn2,2
[*]C(=N1)SCC1([*])[*],2
[*]c1ccnc(c12)NC(=O)CC2,2
[*]C1=NOCC1,2
[*]c1nc([*])nc(c12)n([*])c(=O)[nH]2,2
c1cc([*])cc(c12)OC([*])([*])C(=O)N2[*],2
[*]c1nn([*])c(=O)c(c12)nccn2,2
O=C1[C@@H]([*])[C@@H]([*])[C@@H]([*])N1,2
O=C1N([*])N=C([C@]12[*])CCN([*])C2,2
O=c1c([*])cc([*])c(C(=O)N2)n1C23CCCCC3,2
c1cc([*])cc(c12)CCn3c2cc([*])nc3=O,2
[*]C1([*])C(=O)NC(=S)NC1=O,2
O=C1C([*])C(=O)NC(=S)N1,2
[*]c1nc(=N)[nH]c(c12)NC[C@H]([*])N2,2
[*]C1C([*])=Nc(c12)cccc2,2
c1cc([*])cc(c12)n([*])c(=O)n([*])c2=O,2
O=c1n([*])[nH]c(=O)c(c12)cccc2,2
O=C1C[C@H]([*])N([*])CN1[*],2
[*]c1nc(=N)[nH]c(c12)NC[C@@H]([*])C2,2
O=C1N[C@@H]([*])C(=O)N([C@H]12)CCC2,2
[*]C(=N1)C([*])([*])Nc(c12)nc([*])[nH]c2=O,2
N1C(=O)O[C@@H]([C@H]2[*])[C@H]1c(c23)cccc3,2
O=c1n([*])cnc2sc(c3c12)CCCC3,2
O=C1[C@@H]([*])SC(=S)N1[*],2
[*]n1c(=O)n([*])ccc1=O,2
[*][C@@H]1[C@H]([*])[C@@H]([*])[C@H]([*])N([C@@H]12)/C(=N/[*])OC2,2
[*]c(c1)ccc(C(=O)N([*])C2=O)c1[C@]23C(=O)NC(=O)C3,2
C1CCN([C@H]2[*])[C@@H]1[C@@H]([C@@H]23)[C@@H]([*])N([*])C3=O,2
[*]C1=C([*])C(=O)N([*])C1=O,2
O=C(O1)C=C([*])CC1([*])[*],2
c1cc([*])cc(CC2)c1[C@@H](CC3)[C@@H]2C([C@]34[*])CC(=O)N([*])C4=O,2
O=C1C[C@H]([*])C[C@@H]([*])O1,2
c1cc([*])c([*])c(c12)n([*])cc([*])c2=O,2
[*]c1c[nH]c(c12)c(=O)[nH]cn2,2
O=C1[C@H]([*])C[C@@H]([*])CN1,2
O=c1n([*])c(=O)[nH]c(c12)cccc2,2
O=C1C([*])OC(=O)N1,2
O=c1n([*])c(=O)sn1[*],2
Clc1c([*])cc(Cl)c(c12)CCN([*])C2=O,2
[*]c1ccc(=O)n([*])n1,2
[*]N1C[C@H]([*])OCC1=O,2
[*]C1=N[C@@H]([*])CC1,2
[*]C1=C[C@@H]([*])[C@H]([*])CC1,2
[*]c1c(=O)[nH]cc([*])c1,2
O=C1[C@H]([*])CON1,2
[*]c(c1)ccc(c12)Oc3c(N=C2[*])cccc3,2
c1ccc([*])c(c12)CN([*])C2=O,2
[*]C1([*])C(=O)N([*])C(=O)O1,2
[*][C@@H]1C(=O)N([C@@H]12)[C@@H]([*])C([*])([*])S2,2
[*]C1([*])CC[C@H]([C@@]12[*])[C@H]3[C@H](CC2)[C@@H]4C(CC3)=C[C@@H]([*])CC4,2
[*]C([*])(S1)[C@H]([*])N([C@H]12)C(=O)C2,2
O=C1C[C@@H]([*])NC(=O)N1,2
C123c4c5c([*])ccc4CC([N+]([*])([*])CC3)[C@]2([*])CCC(=O)[C@@H]1O5,2
[*]C1([*])CC[C@H]([C@@]12[*])[C@H]3[C@H](CC2)[C@]4([*])C(C([*])=C3)=CC(=O)CC4,2
[*]c(c1)ccc(c1C23[*])NC(=O)CN2CCO3,2
n1cn([*])c(c12)ncn([*])c2=N,2
[*]C1=CC[C@H]([*])CC1,2
[*]C1=C([*])CCC1=O,2
c1ccc([*])c(c12)nc([*])[nH]c2=O,2
[*]c1cc(=O)oc(c12)cccc2,2
[*]C1([*])CCC(=O)N1[*],2
[*]C1=C[C@H]([*])[C@H]([*])[C@@H]([*])C1=O,2
[*]C1=CCCN([*])C1,2
O=C1NC(=O)c(c1c23)c([*])cc3[nH]c4c2cc([*])cc4,2
[*]C1=C([*])C([*])OC1=O,2
[*]c1c([*])cc(=O)oc1[*],2
[*]c(c1)ccc(c12)OCC(=O)N2,2
[*]c(n1)[nH]c(c12)cc3c(c2)nc([*])[nH]c3=O,2
[*][C@@H]1CCN(N12)CCC([*])([*])C2=O,2
[*]c1c([*])sc(=N/[*])\[nH]1,2
[*][C@@H](C1)C(=O)N([*])c(c12)cccc2,2
O=c1n([*])c(=O)n([*])c(c12)[nH]cn2,2
[*]C=1N[C@H]([*])[C@@H](C12)CCC[C@H]2[*],2
[*]C1=NC(=N[*])N=CC1,2
[*][C@H]1CC[C@H]([C@@]12[*])[C@H]3[C@H](CC2)[C@]4([*])C(=CC3)C=C([*])CC4,2
[*]c1cc(=O)n([*])c(c12)n([*])nc2,2
[*]c1c(=O)n([*])c([*])cc1,2
[*]C1=N[C@@H](C)CO1,2
[*]c(c1)ccc(c12)N=C([*])N([*])C2,2
[*]/C=C1/N([*])C(=O)C([*])S1,2
[*]C1CN([*])C(C1=2)=CC(=O)/C(C2)=N\[*],2
[*]C1([*])C(=O)N([*])c(c12)cccc2,2
[*]n1cnc(c12)n([*])c(=O)n([*])c2=O,2
C1C[C@H]([*])[C@]([*])([C@]12[*])CC[C@@H]3[C@]4([*])C(CC[C@@H]23)=C[C@@H]([*])CC4,2
c1cc([*])cc(c12)oc([*])cc2=O,2
[*]c1cc(=O)n([*])c(c12)ccc([*])c2,2
O=C1C([*])CCCN1[*],2
[*]c1c([*])sc(=N)[nH]1,2
[*]C1=NC(=O)N([*])CN1,2
[*]c(c1)c([*])cc(c12)[nH]c(=O)n([*])c2=O,2
[*]C1([*])C(=O)N([*])C(=O)N1[*],2
[*]c1c(=O)ncn(c12)nc([*])cc2,2
O=C1[C@@H]([*])CCC(=O)N1,2
[*]c1c([*])cn([*])c(=O)c1,2
[*]c1c([*])cc[nH]c1=N,2
[*]c(n1)cnc(c12)NCC(=O)N2[*],2
O=C1[C@@H]([*])N([*])CCN1,2
[*]c(c1)ccc(c12)[nH]c(=O)cc2,2
[*]c1nc([*])nc(c12)N([*])CC(=O)N2,2
[*]c1c([*])ccc(c12)nc([*])[nH]c2=O,2
[*]C1=NC(=O)CN1[*],2
[*]C(=N1)N([*])C([*])([*])C1([*])[*],2
[*]N(C1)CCC([C@@]12[*])=Cc3c(C2)cnn3[*],2
O=c1c([*])c([*])oc(c12)ccc([*])c2,2
C1NC(=O)c2cc(cnc([*])n3)c3n2C14CCCCC4,2
[*]c1c([*])nsn1,2
[*]c(n1)cnc(c12)[nH]c([*])nc2=O,1
C1=C[C@H]([*])[C@H]([*])C(C1=2)[C@@H]([*])C[C@H]([*])C2,1
[*]N1CC=CC1=O,1
[*]c1ccnc(c12)N([*])c3c(C(=O)N2)cccn3,1
[*]c(c1)c([*])cc(c12)NC(=O)C2,1
[*][C@H](C1)CN([*])[C@H](C2)C=1c3cccc4n([*])cc2c34,1
[*]C1([*])C(=O)NC(=O)N1,1
[*][C@H]1CC[C@H]([C@@]12[*])[C@H]3C([C@@H]([*])C2)[C@]4([*])C([C@@H]([*])C3)=CC(=O)CC4,1
[*]c1c([*])ccc(N2)c1CN(C=23)CC(=O)N3,1
C#C[C@]1([*])CC[C@H]([C@@]12[*])C3[C@H](C(=C)C2)[C@@H]4C(CC3)=CCCC4,1
[*][C@@]12[C@@H]3[C@@H](N3)CN2C4=C([C@H]1[*])C(=O)C([*])=C([*])C4=O,1
O=C1NC([*])c(c12)cccc2,1
[*]c(c1)ccc(c12)N([*])C(=O)CC(=O)N2[*],1
O=C1[C@@H]([*])[C@H]([*])N1,1
[*]c(c1)ccc(c12)oc(=O)[nH]2,1
c1cc([*])cc(N=C2[*])c1Nc(c23)cccc3,1
O=C1CN([*])CC(=O)N1,1
O=C(O1)CC[C@]12[C@]3([*])[C@@H](CC2)[C@H]4C(CC3)[C@]5([*])C(C[C@H]4[*])=CC(=O)CC5,1
c1[nH][nH]c(c12)ncnc2=O,1
O=S1(=O)N([*])C([*])=C([*])c(c12)scc2,1
c1cc([*])cc(c12)NC([*])N([*])C2=O,1
[*][C@H]1[C@H]([*])C[C@H]([C@@]12[*])C3[C@]([*])([C@@H]([*])C2)[C@]4([*])C(CC3)=CC(=O)C=C4,1
c1coc(c12)c([*])c3c(c2)ccc(=O)o3,1
[*]C1([*])C(=O)N([*])CC1[*],1
[*]c(c1)ccc(c12)S(=O)(=O)NC([*])=N2,1
[*]C1([*])C(=O)NC(=O)C1,1
[*][C@@H]1CSC=N1,1
O=C1CC[C@H]([C@@]12[*])[C@H]3[C@H](CC2)c4c(CC3)cc([*])cc4,1
[*]C(O1)CNC1=O,1
c1cccc(c12)N([*])c3c(NC2=O)cccn3,1
C1CN([*])Cc2ccc([*])c(c2[C@@]134)O[C@H]3C[C@@H]([*])C=C4,1
[*]C1([*])N([*])C(=O)[C@@H]([*])N1,1
[*]C(O1)[C@H]([*])N([C@H]12)C(=O)C2,1
c1cccc(c12)N([*])c3c(CC2=O)cccc3,1
[*]C1([*])C(=O)NCNC1=O,1
O=C1C([*])CC(=O)N1[*],1
O=C1C([*])Cc(c12)cc([*])c([*])c2,1
[*]C1([*])C(=O)N([*])C(=O)NC1=O,1
[*]c1nc([*])n(c12)[nH]c([*])nc2=O,1
[*]c(c1)c([*])cc(c12)S(=O)(=O)N=CN2,1
[*]C1([*])[C@H]([*])C[C@H]([C@@]12[*])[C@H]3C([C@@H]([*])C2)[C@]4([*])C(CC3)=CC(=O)C=C4,1
O=C1C([*])CCc2n([*])c(c3c12)cccc3,1
c1cccc(C2[*])c1CC(=O)c(c23)scc3,1
O=C1[C@H]([*])[C@@H]([*])N1[*],1
[*]/C=C1/[C@@H]([*])CC[C@H]([*])C1,1
[*]C1([*])C(=O)C([*])CNC1=O,1
[*]C1=CC([*])C=C([*])N1,1
c1cc([*])cc(c12)S(=O)(=O)N=C([*])N2,1
O=c1c([*])c([*])oc(c12)c([*])ccc2,1
O=C1N([*])C([*])c(c12)nccn2,1
[*]c1ncn(c12)c3c(C(=O)N([*])C2)cc([*])cc3,1
c1ccc([*])c(c12)CCCC2=O,1
[*]c1nc(=O)c(=O)[nH][nH]1,1
c1cc([*])cc(C=NC2)c1n(c23)cnn3,1
[*][C@@]12[C@@]3([*])[C@H](OC([*])O3)C[C@H]1[C@H]4C([C@@H]([*])C2)[C@]5([*])C(CC4)=CC(=O)C=C5,1
c1cccc(N=C2[*])c1Sc(c23)cccc3,1
n1cc([*])c(=O)n(c12)CCCC2,1
[*]c1cc[nH]c(n1)=O,1
O=c1n([*])c(=O)n([*])c(c12)nc[n-]2,1
c1cc([*])cc(c12)NC([*])NC2=O,1
[*]C(S1)SC1=C,1
[*][C@@H]1CCCN(N12)CCC[C@H]([*])C2=O,1
[*]C1([*])CC[C@H]([C@@]12[*])[C@H]3C(CC2)[C@]4([*])C(CC3)=Cc5c(C4)cno5,1
[*]c(c1)sc(c12)N([*])C(=O)CN=C2[*],1
[*]c(c1)ccc(c1C23[*])N([*])C(=O)CN2C(=O)C=C([*])O3,1
[*]c(c1)ccc(c12)N([*])C(=S)CN=C2[*],1
O=C1N([*])CCCN1,1
O=C1C([*])CCc(c12)[nH]cc2,1
c1cccc(c12)C([*])C3=C2CCN([*])C3,1
[*][C@@]12C([*])([*])[C@@H](CC1=O)CC2,1
[*]c1nc(=O)[nH]c(=O)[nH]1,1
[*]c(c1)oc(c12)c([*])c3c(c2)c([*])cc(=O)o3,1
O=C1CC[C@H]([C@@]12[*])[C@H]3C(CC2)c4c(CC3)cc([*])cc4,1
[*]C1([*])OC(=O)c(c12)cccc2,1
C1=C[C@H]([*])C([C@]123)CC=C[C@@H](C2=O)[C@H]4[C@H](C4)CC3,1
[*]C1([*])C(=O)N([*])C(=O)C1,1
[*]C1=CC[C@H]([C@@]12[*])[C@H]3[C@H](CC2)[C@]4([*])C(=CC3)C[C@@H]([*])CC4,1
[*]C1=NN([*])C(=O)C\1=N/[*],1
[*]N1CCOCC1=O,1
[*]c1nn([*])c(c12)C(=O)N([*])CC2,1
[*]N1CCCCC1=O,1
N=c1cc[nH]cc1,1
[*][C@]1(O)CC[C@H]([C@@]12[*])[C@H]3[C@H](CC2)[C@]4([*])C(CC3)=CC(=O)CC4,1
[*]c1nc(=O)[nH][nH]1,1
[*]C1([*])CC[C@H]([C@@]12[*])C3[C@]([*])([C@@H]([*])C2)[C@]4([*])C([C@@H]([*])C3)=CC(=O)C=C4,1
[*]C1([*])C(=O)N([*])C(=S)N1[*],1
O=C1N([*])C(=O)c(c12)cccc2N,1
[*]c1[nH]c(=O)cc(c12)n([*])c(=O)n([*])c2=O,1
c1c(=O)c([*])cn(c12)C[C@H]3N(C2=O)CCCO3,1
[*]/C=C1\S[C@H]([*])CS1,1
[*]C1([*])CC[C@H]([C@@]12[*])[C@H]3[C@H](CC2)[C@]4([*])C(C=C3)=CC(=O)CC4,1
C1CN([*])CCC1=C,1
[*]c1cc([*])cc(c12)NC(=O)CO2,1
[*]c(c1)c([*])cc(c12)CCN([*])C(=O)C2,1
O=c1c([*])cn([*])c(c12)ccc([*])c2,1
N1C(=O)C([*])([*])Oc(c12)cccc2,1
[*]c1c([*])c[nH]c(=O)c1,1
[*]C1([*])CC[C@H]([C@@]12[*])[C@H]3[C@H](CC2)C4=C(CC3)CC(=O)CC4,1
[*]C1([*])CCC(C12[*])C3C(CC2)C4C(CC3)=CC(=O)CC4,1
[*]C12C([*])([*])C(C([*])C1=O)CC2,1
O=C1C([*])Nc(c12)ccc([*])c2,1
[*]C1([*])CC[C@H]([C@@]12[*])[C@H]3[C@H](CC2)[C@@H]4C(C([*])=C3)=CC(=O)CC4,1
[*]c(c1)c([*])cc(c12)oc(=O)cc2,1
[*]C1([*])[C@@H]([*])C[C@H]([C@@]12[*])C3[C@]([*])(C(=O)C2)[C@]4([*])C(CC3)=CC(=O)C=C4,1
c1cccc(c12)N([*])c3c(N([*])C2=O)cccc3,1
[*]c(c1)ccc(c12)Sc3c(N=C2[*])cccc3,1
[*]C1([*])CC[C@H]([C@@]12[*])[C@H]3C([C@@H]([*])C2)[C@]4([*])C([C@@H]([*])C3)=CC(=O)C=C4,1
[C@@]123[C@H](O3)C[C@]4([*])[C@@]2(C)[C@H](OC1=O)C5[C@@H]([*])C4C(=O)O5,1
[*]c1c(=O)ccn([*])c1,1
[*]c1nc([*])nc(c12)N([*])C(=O)CC2,1
O=C1CC[C@H]([C@@]12[*])[C@H]3[C@H](CC2)[C@@H]4C(CC3)=CC(=O)CC4,1
O=C1CC[C@H]([C@@]12[*])[C@H]3[C@H](CC2)[C@@H]4C(=CC3)CC(=O)CC4,1
[*]C1=NC([*])C([*])O1,1
O=C1CC[C@H]([C@@]12[*])[C@H]3[C@H](CC2)[C@]4([*])[C@@H](CC3)CC(=O)C=C4,1
[*][C@H]1CC[C@H]([C@@]12[*])[C@H]3[C@H](CC2)[C@@H]4C(=CC3)C[C@@H]([*])CC4,1
O=C1CC[C@H]([C@@]12[*])[C@H]3[C@H](CC2)[C@]4([*])C(=CC3)CC(=O)CC4,1
[*]C1([*])CC[C@H]([C@@]12[*])[C@H]3[C@H](CC2)[C@]4([*])C(C[C@H]3[*])=CC(=O)CC4,1
[*]C1([*])CC[C@H]([C@@]12[*])[C@H]3[C@H](CC2)[C@]4([*])C(CC3)=C[C@@H]([*])CC4,1
[*][C@H]1CC[C@H]([C@@]12[*])[C@H]3[C@H](CC2)[C@]4([*])[C@@H](CC3)C[C@@H]([*])C=C4,1
[*][C@H]1CC[C@H]([C@@]12[*])[C@H]3[C@H](CC2)[C@]4([*])C(CC3)=C([*])C(=O)CC4,1
[*][C@H]1CC[C@H]([C@@]12[*])[C@H]3[C@H](CC2)[C@]4([*])C(CC3)=C[C@@H]([*])CC4,1
O=C1CC[C@H]([C@@]12[*])[C@H]3[C@H](CC2)[C@]4([*])C(CC3)=CC(=O)CC4,1
[*][C@H]1CC[C@H]([C@@]12[*])[C@H]3[C@H](CC2)[C@@H]4C(CC3)=C[C@@H]([*])CC4,1
O=C1CC[C@H]([C@@]12[*])[C@H]3[C@H](CC2)[C@]4([*])[C@@H](CC3)CC(=O)CC4,1
[*]C1([*])CC[C@H]([C@@]12[*])[C@H]3[C@H](CC2)[C@]4([*])C(C[C@@H]3[*])=CC(=O)CC4,1
O1[C@H]2[C@@H]([*])C=C[C@H]3C([N+]([*])([*H2-])CC4)Cc5ccc([*])c1c5C234,1
[*]C1([*])CC[C@H]([C@@]12[*])[C@H]3C([C@H]([*])C2)[C@]4([*])C(CC3)=CC(=O)C([*])=C4,1
[*]C1([*])CC[C@H]([C@@]12[*])[C@H]3[C@H](CC2)[C@]4([*])[C@@H](CC3)CC(=O)C=C4,1
[*]C1=CC(=O)[C@H]([*])C=C1[*],1
[*]C1=NN=C([*])C[C@H]1[*],1
[*]C1=C([*])CCCC1=O,1
[*]C1([*])CNC(=O)O1,1
[nH]1c[n+]([*])c(c12)[nH]cnc2=O,1
[*]C1CC(=N/[*])\C=CC1=O,1
[*]c1c(=O)[nH]oc1,1
N1CC[C@@H]([*])NC1=N,1
[*]N1CCC(C1=2)C(=O)c3c(N2)cccc3,1
[*]c1cc([*])cc(c12)N([*])C(=O)CC2,1
c1cccc(c1c23)n([*])c2[C@H]4N(CC3=O)CCCC4,1
[*]C1=C[C@@H]([*])NO1,1
[*]C(=N1)CNc(c12)nc([*])[nH]c2=O,1
O=C1N([*])C(=O)c2cccc3cccc1c23,1
[*]c(n1)n([*])c(c12)[nH]c(=N)nc2[*],1
N1C(=O)[C@@H]([*])Sc(c12)cccc2,1
[*]c(c1)ccc(c12)c(=O)[nH][nH]c2=O,1
[*]N1[C@@H]([*])CNc(c12)[nH]c(=N)nc2,1
[*]C1=C([*])C([*])NC1=O,1
O=C1[C@H]([*])CCCC[C@H]1[*],1
O=C1C(=O)Nc(c12)cccc2,1
[nH]1cnc(c12)[nH]c(=O)[nH]c2=O,1
[*]c1nc(=N)[nH]c(=N)[nH]1,1
[*]c1c[nH]c(c12)C([*])NC=N2,1
[*][C@H](O1)CC[C@@]12CC[C@@H]3[C@@H](O2)CC(=C)[C@@H]([*])O3,1
[*][C@@H](O1)CC([*])=C[C@]12CCC[C@@H]([*])O2,1
c1cc([*])cc(c12)OCC(=O)N2,1
O=C1CC[C@H]([C@@]12[*])C=3[C@H](CC2)c4c(CC3)cc([*])cc4,1
c1cccc(c1c23)[nH]c2[C@H]4N(CC3=O)CCCC4,1
[*][C@@H](N1)C(=O)N(C=12)C=C([*])N=C2[*],1
[*][C@H](C1)Oc(c12)cc3c(c2)cc([*])c(=O)o3,1
[*]c1nc([*])nc(c12)n([*])c(=O)c(=O)[nH]2,1
[*]C1N=CNC(C=12)N([*])C=N2,1
[*]c1c[nH]c(c12)cnc(=N)[nH]2,1
O=c1[nH]c([*])nc(c12)N=CC2,1
[*]C1=C([*])N[C@H]([*])SC1,1
[*]C1=N[C@@H]([*])C(=O)N1[*],1
[*]N(C1)CN([C@@H]12)c3c(N=C2)[nH]cnc3=O,1
[*]C1=NCC[C@H]1[*],1
[*]C1=CN([*])[C@@H]([*])[C@@H]([*])C1,1
[*]c(c1)c([*])cc(n2)c1n([*])c(c23)nc(=O)nc3[*],1
[*]C1=NCCS1,1
[*]C1=N[C@H]([*])N([*])C1=O,1
O=c1[nH]c([*])nc(c12)ncn2[*],1
[*][C@H]1C(=C)[C@@H](C2)CCC([C@]123)[C@]4([*])[C@@H](CC3)C([*])([*])C[C@H]([*])C4,1
[*]c(n1)[nH]c(c12)c(=O)[nH][nH]c2=O,1
c1c(=O)ccc(c2[*])c1oc(c23)cc([*])cc3,1
[*]C1=NCCc(c12)ccc([*])c2,1
[*]N1CCC1=O,1
[*]N1C(=O)C([*])=NC1([*])[*],1
O=c1nc([*])[nH]c(c1=2)=NC[C@H]([*])N2,1
[*]c1cc([*])nc(c12)[C@@H]([*])CC=C2,1
[*][C@@H]1C=CC[C@H]([*])[C@H]1[*],1
O=C1[C@H]([*])CCO1,1
C1=C[C@H]([*])C[C@@H]2OC(=C3[C@]124)/C(=[O+]\[*])C=CC3=CN([*])CC4,1
[*]C1([*])C([*])=C([*])C(=O)CC1,1
C1C[C@@H]([*])N([C@@H]12)C(=O)CN([*])C2,1
[*]\N=c1\ccn([*])c(=O)n1[*],1
c1ccc(c2c13)CCC(=O)N2CC3,1
[*]n1cnc(c12)nc(=N)[nH]c2,1
[*][C@H](C1)[C@H]([*])C([*])=CC1([*])[*],1
[*]C1=CC=C[C@H]([*])[C@H]1[*],1
[*][C@H](N1)C=Nc(c12)[nH]c(=N)nc2,1
O=C1N([*])[C@H]([*])[C@H]([*])CN([*])N1[*],1
[*]C1=CNC([*])=CS[C@@H]1[*],1
[*][C@@]12C([*])([*])[C@H]([C@H]([*])C2)CC1=O,1
[*]C1=CN([*])C=C[C@@H]1[*],1
[*]C1=[NH+]CCC1,1
O=C1CC[C@H]([C@@]12[*])[C@H]3[C@H](CC2)[C@]4([*])[C@H](CC3)C[C@H]([*])CC4,1
[*]C1=C([*])C([*])N=C1[*],1
[*]c1cc([*])cc(c12)N([*])C(=O)NC2,1
C1=NC([*])=NC(=N)C1=C,1
[*]c1cc([*])n([*])c(n1)=O,1
[*]C1([*])[C@H]([*])C(=O)C[C@H]1[*],1
[*]C1=N[C@@H]([*])CS1,1
[*]C(N1)=C[C@H](C=12)[C@@H]([*])CCNC2=O,1
[*]c1cc(=O)[nH]c(=O)n1[*],1
[*]c(n1)[nH]c(c12)[nH]c(=N)nc2[*],1
[*]c(n1)oc(c12)nc([*])[nH]c2=O,1
O=c1n([*])oc(=O)[nH]1,1
[*]C=C=C(C1([*])[*])C([*])([*])CC([*])C1,1
[*][C@@H]1[C@H]([*])C=CC1=O,1
[*][C@@H]1NC=[NH+]c(c12)n([*])cn2,1
[*]c(c1)c([*])c(c2c13)OC[C@@H]([*])n2cc([*])c3=O,1
O=C1[C@@H]([*])NCCN1[*],1
[*]c1ncnc(c12)CN=N2,1
O=C1[C@H]([*])CCCC1,1
O=C1N([*])C=CC=CN1,1
[*]c(c1)[nH]c(c12)c3c(C(=O)C2=O)nc([*])cc3[*],1
O=c1nc([*])nc(c12)[nH]n([*])n2,1
O=c1[nH]c(=O)n([*])c(c12)CCC2,1
[*]c1nc(=N)[nH]c(c12)NC[C@@H]([*])N2[*],1
O=c1sn([*])c(c12)cccc2,1
O=c1[nH]c([*])nc(NC2)c1N([C@H]23)C(=O)OC3,1
[*]C(S1)=C([*])N([C@@]12[*])Cc3c(N2)nc([*])nc3,1
O=C1[C@H]([*])CN([*])C1,1
[*]N(C1)CN([C@H]12)c3c(NC2)nc[nH]c3=O,1
[*]C1=NC(=O)[C@@H]([*])C1,1
c1c[nH]c(c12)c(=N)[nH]cn2,1
[*]c(c1)sc(c12)cc3n2C(=S)N([*])C3=O,1
O=C1CC[C@H]([C@@]12[*])c3c(CC2)c4c(cc3)cc([*])cc4,1
[*]c1csc(=N)[nH]1,1
N1C=[N+]([*])C(C=12)=NC=NC2=N,1
N1C(=O)N[C@@H]([C@@H]12)NC(=O)N2,1
[*]C(=N1)O[C@H](C12)[C@H]([*])[C@@H]([*])[C@@H]2[*],1
[C@H]12C(=O)C[C@H](C1)CC2,1
[*]C1=N[C@H]([*])N[C@H]([*])C1[*],1
[*]C1=CNC(C12)C(=O)NC=N2,1
N1C(=O)N([*])CCC1=O,1
N1C[C@H]([*])CC1=O,1
[*]C1([*])C(=O)N=C([*])NC1=O,1
[*]C1=CC(=O)C([*])=CC1=N,1
[*]\N=C\1C(=O)Nc(c12)cccc2,1
[*]C1=NC(=O)N([*])C(=O)C1,1
C1C[C@H]([*])[C@]([*])([C@@]12[*])CCC3=C2CC[C@@H]4[C@]3([*])CC[C@H]([*])C4([*])[*],1
[*]c1c([*H2+])c(=O)[nH]c([*])n1,1
[*][C@H]1CC=NCC1,1
c1ccc([*])c(c12)CCNC2=O,1
[*]c(c1)ccc(c12)[nH]c(=N)[nH]2,1
[*]C1C(=O)Nc(c12)ccc([*])c2[*],1
O=c1[nH]c([*])nc(c12)cccc2,1
[*]C1=NOCC\1=N\[*],1
[*]C1=CC=CC(=C)[C@H]1[*],1
[*]C1([*])CC(=O)[C@@H]([*])[C@H]([*])C1,1
[*]C1=C[NH2+]c(c12)c([*])ncn2,1
[*]c(n1)c(=O)n([*])c(c12)[nH]c(=O)[nH]c2=O,1
[*]C1=N[C@H]([*])CC1,1
[*]C(C1)=CCC(=C2[*])C=1Oc(c23)cc([*])cc3,1
[*]c1nc(=O)nc(c12)n([*])c3c(c2)ccc([*])c3,1
[*][C@@H]1C=CN[C@H]1[*],1
[*]c1cc([*])cc(c12)OC(=C)C([*])=N2,1
[*]C1=NC=C[C@H]([*])N1,1
[*]C1=NNC(=O)S[C@@H]1[*],1
[*][C@H]1C=CN=CCS1,1
[*]C1=NN([*])[C@H]([*])C1,1
[*H2+]c(c1)ccc2[nH]c(c3c12)c4c(NC(=O)C3)cccc4,1
[*]c1nc(=N)[nH]c(c12)ccc([*])n2,1
[*]C1=N[C@H]([*])[C@@H]([*])[C@H]([*])[C@H]1[*],1
[*]c1cc[nH]c(=O)[n+]1[*],1
C1[C@H](C2)C=C([*])C[C@H]2c(c3[*])c1nc(c34)cc([*])cc4,1
[*]C1=CN=C([*])N[C@H]1[*],1
[*][C@@H](N1)C(=O)N(C=12)C=C([*])N[C@@H]2[*],1
[*]C1=CCCCc(c12)o[nH]c2=O,1
[*]c1nc(=N)[nH]c(c12)NCC([*])=N2,1
C=C1[C@@H]([*])[C@H]([*])[C@@H]([*])[C@@H]([*])O1,1
[*]c1cc([*])cc(c12)c(=O)[nH][nH]c2=O,1
c1ccc([*])c(c12)[C@@H]3N(C2=O)CCC3,1
[*]c1[nH]nc(c12)c(=O)[nH]cn2,1
[*]c(c1)cc([*])c(c12)nc([*])[nH]c2=O,1
[*]c(n1)c([*])n([*])c(c12)nc(=O)nc2[*],1
[*]C1=N[C@H]([*])C=CN1[*],1
[*][C@H]1C(=O)N([C@@H]12)C([*])=C([*])CC2,1
[*]C1([*])C([*])([*])CCC(=O)[C@H]1[*],1
[*][C@H](O1)[C@@H]([*])[C@@H]([*])[C@@]12C(=O)c3c(C2=O)ccc([*])c3,1
[*]C1=C([*])NC(=S)N[C@H]1[*],1
[*]c(c1)c([*])cc(n2)c1nc(c23)[nH]c(=O)[nH]c3=O,1
N=c([nH]1)nc([*])c(c12)[nH]cc2,1
[*]C1=NC(=N)NC1[*],1
c1c[nH]c(c12)C([*])=NCCC2[*],1
[*]c(c1)sc(c12)S(=O)(=O)N([*])C=C2,1
[*]c1nc(=N)[nH]c(c12)NCC=N2,1
[*]C(=N1)O[C@H](C12)CCC2,1
O1C[C@H]([*])OC1=O,1
[*][C@@]12[C@H](O2)C#C/C=C3\C(C#C1)=C[C@@H]([*])[C@@H]3[*],1
[*]C1=C([*])NNC1,1
[*]c1c([*])oc(=O)c(c12)cccc2,1
c1ccc([*])c(c12)C=CC2=O,1
[*][C@@H]1CCC=NC1,1
C1CCN([C@@H]12)C(=O)CNC2=O,1
n1cn([*])c(c12)cc[nH]c2=N,1
c1cc(=O)n([*])c(c12)cccc2,1
[*]C(=N1)NC(=O)C1([*])[*],1
[*]c1c([*])c([*])cc(c12)C(=O)c3c(C2=O)c([*])ccc3,1
[*][C@@H](O1)[C@@H]([*])[C@H](O2)[C@@H]1n(c23)ccc(n3)=O,1
[*]C(=N1)O[C@H]([C@H]12)[C@H]([*])[C@@H]([*])[C@@H]2[*],1
[*]C1=C([*])C(=O)C(C)=C([*])C1=O,1
[*]C1([*])C=CN([*])C(=O)N1,1
[*][C@H]1C=C[C@H]([*])O[C@@H]1[*],1
[*][C@H]1SC[C@@H]([C@@H]12)NC(=O)N2,1
[*][C@H]1CC[C@H]([C@@]12[*])[C@H]3C([C@@H]([*])C2)[C@]4([*])C(CC3)=CC(=O)CC4,1
c1cccc(c12)oc(=O)cc2,1
[*]C1([*])C(=O)OCc(c2=O)c1cc3n2Cc(c34)cc5c(n4)cccc5,1
O=C1CC[C@H]([C@@]12[*])[C@H]3[C@H](CC2)[C@@H]4[C@@H](CC3)CC(=O)CC4,1
[*]c(c1)ccc(c12)oc3c(c2=O)cccc3,1
[*][C@H]1CC[C@H]([C@@]12[*])C3C(CC2)[C@]4([*])C(=C[C@@H]3[*])C[C@@H]([*])CC4,1
N1C=C([*])C(=O)C1([*])[*],1
O=C1N([*])C(=O)[C@@H]([C@@H]12)[C@H]3CC[C@@H]2CC3,1
[*]c(n1)[nH]c(c12)c3c(c(=O)[nH]cc3)c4c2ccc([*])c4,1
O=C1[C@H]([*])N([*])C(=O)CCN1[*],1
[*]c(c1)c([*])cc(n2)c1n([*])c(c23)nc(=O)[nH]c3=O,1
[*]C1=N[C@@H]([*])SCC1,1
c1cccc(c12)[nH]c(=O)cc2,1
c1c(=O)c([*])cc(c2[*])c1oc(c23)cc([*])c([*])c3,1
[*]c1c[nH]c(c12)c(=O)nc[nH]2,1
O1C[C@]12[C@@]3([*])O[C@H]([*])[C@@H]([*])[C@H](O3)C=C2,1
O=C1C([*])C(=O)N([*])[C@H]1[*],1
O=C1C([*])=C([*])C(=O)c(c12)scn2,1
O=c1cc([*])oc2ccc(c3c12)cccc3,1
c1cc([*])cc(CC2=O)c1Sc(c23)cccc3,1
N1C[C@@H]([*])NC1=O,1
[*]C=1C(=O)N=c2ccc(c3c12)ncs3,1
[*]C1=CC=C[C@@H]([*])[C@@H]1[*],1
[*]C1=CN=C([*])CC1,1
[*]c1ccc([*])c(N2[*])c1C([*])=NC23CCN([*])CC3,1
[*]c(c1)ccc(c12)SC([*])([*])C(=O)N2[*],1
[*][C@H]1CC[C@@H](C123)C([*])=C[C@H]2CC([*])([*])C3,1
[*]C1=CS[C@@H]([*])N1,1
C1=CC([*])([*])Oc(c12)cccc2,1
[*]C(=C1)S(=O)(=O)c(c12)cc([*])cc2,1
[*]C1=C([*])C(=O)N([C@@]12[*])CCC2,1
[*]c1c([*])c(=O)n([*])nc1[*],1
c1ccc([*])c(c12)[C@H]3N(C2=O)CCC3,1
[*]C=1C=NC(C12)C=CC=C2,1
O1C[C@H]([*])NC(=N)c(c12)scc2,1
c1csc(c12)C([*])=NC[C@H]([*])O2,1
O1C[C@@H]([*])N=C([*])c(c12)scc2,1
[*]c(n1)[nH]c(=O)c(c2)c1cc(c23)[nH]cn3,1
O=c1c([*])c([*])oc(c12)c([*])cc([*])c2,1
[*]c(c1)c(=O)[nH]c(c12)cccc2,1
c1cc([*])cc2C(=N[*])c(c3c12)cc([*])cc3,1
[*]c(c1)ccc(c12)OC([*])([*])C(=O)N2[*],1
c1cc([*])cc(c12)S(=O)(=O)NC([*])=N2,1
[*]c1c([*])c(=O)n([*])n(c12)ccc2,1
[*][C@H](C1)C(=O)Nc(c12)cccc2,1
[*]c(s1)nc(c12)CC([*])([*])CC2=O,1
C1O[C@H]([*])[C@@H](C2)C([*])=CC[C@]12[*],1
c12c3c([*])ccc1C(=O)NC(=O)c2ccc3,1
[*]c(c1)ccc(c12)O[C@@H]([*])C(=O)N2[*],1
[*]C=1C=NC(C12)=CCC=C2,1
[*]C(C1)=NCC(C=12)=NN=C2,1
[*]C1=C/C(=N\[*])N=N1,1
[*]C1([*])C(=O)N([*])CC1,1
[*]C1=NC(=O)N=C([*])C1,1
O=C1[C@@H]([*])N([*])CCCN1,1
[*]/C=C/1C(=O)NC(=O)c(c12)ccc([*])c2,1
[*]c1n[nH]c(c12)c3c(n([*])c2=O)cccc3,1
c12c3c([*])cc([*])c2c([*])ccc1NC3=O,1
[*]C1=NC[C@@H]([*])N([*])[C@H]1[*],1
O=C1C([*])C([*])C([*])C1,1
[*][C@@H](C1)[C@@]12C(=O)N[C@H]([*])C2,1
C1O[C@H]([*])[C@@H]([C@@H]2[*])C([*])=C[C@H]([*])[C@]12[*],1
[*]c1nn([*])c(c12)n([*])c3c(c2=O)cc([*])cc3,1
[*]c1cn([*])c2cc([*])c(c3c12)C(=O)NC3=O,1
[*]C1([*])C(=O)N([*])c(c2)c1cc3[nH]c(c4c23)c5c(c([*])n[nH]5)CCC4,1
O=C1C([*])N([*])CCCN1,1
[*]C(N1)=NS(=O)(=O)c(c12)cccc2,1
[*]c(c1)ccc(c12)OCCCCCOc3cncc(n3)NC(=O)N2,1
[*]c1ccc([*])c(c12)N[C@@H]([*])N=C2[*],1
O=c1n([*])cco1,1
[*][C@@H]1CN([*])C(C1=2)=CC(=O)C(=O)C2,1
[*][C@@H](C1)C[C@H]([C@@H]12)[C@H]([*])\C=C\C(=O)O[C@@H]([*])CCC\C=C\2,1
O=C1CC[C@H]([C@@]12[*])[C@H]3[C@H](CC2)[C@]4([*])C(CC3)=CC(=O)C=C4,1
O=C1CC[C@H]([C@@]12[*])[C@H]3[C@H](CC2)[C@]4([*])[C@H](CC3)CC(=O)CC4,1
O=c1[nH]c([*])nc2sc(c3c12)CCC[C@H]3[*],1
[*]c1ccc([*])c(N2)c1C([*])=NC23CCN([*])CC3,1
[*]c(c1)ccc2[nH]c(c3c12)C(=O)NC[C@@H]3[*],1
[*]c(n1)ccc2c1ccc3sc(c4c23)C(=O)N[C@H]([*])CN4,1
[*]c(c1)ccc2sc(c3c12)C(=O)N[C@H]([*])CN3,1
[*]c(o1)cc(=O)c(c1c23)ccc2cccc3,1
C1CN([*])C([C@@]12[*])=Nc3c(C2=O)c([*])ccc3,1
C1CN([*])C([C@@]12[*])=Nc3c(C2=O)ccc([*])c3,1
C1CN([*])C([C@@]12[*])=Nc3c(C2=O)cccc3,1
c1cccc(c1[C@]23[*])C(=O)N2[C@H]([*])CS3,1
[*]c1c([*])cc[nH]c1=O,1
c1cc([*])n(c12)[B-]([*])([*])[N+]3C(=C2)C=CC=3[*],1
[*]C(=N1)N([*])C(=O)CC1([*])[*],1
[*]\N=C1\C([*])N([*])[C@@H]([*])CN1,1
[*]c1c(=O)n([*])c([*])cn1,1
[*]c(n1)[nH]c(c12)cc3c(c2)c(=O)[nH]c([*])n3,1
[*]n1c(=O)sc(c12)cccc2,1
C1CCN([C@@H]12)C(=O)c3c(O2)cc4c(c3)OCCO4,1
[*]C1=C([*])C(=O)[C@H]2N1C([*])([*])[C@@H]([C@@H]2c3c45)Cc5cccc4[nH]c3,1
O=c1[nH]c([*])nc(c12)n([*])nc2,1
[*]c(s1)cc(c1c23)n([*])c2c(=O)n([*])nc3,1
[*]C=1C(=O)N=c(c12)cccc2,1
O=c1[nH]c([*])nc(c12)CCSC2,1
[*][C@H](C1)NC(=O)[C@H]([*])NC(=O)CCCCOc(ccc12)cc2,1
[*][C@@H]1C[C@H]([*])[C@H]([*])[C@@H]([*])C(=O)O[C@H]([*])[C@H]([*])\C=C\C1=O,1
O=S1(=O)C([*])=CC(=O)N1,1
C1CC(=O)C([*])=C([C@@]12[*])c3c(C2)cc([*])cc3,1
[*][C@@H]1CC[C@H]([C@@]12[*])[C@H]3[C@H](CC2)[C@]4([*])C(CC3)=CC(=O)CC4,1
O=C1C([*])Oc(c12)cc([*])cc2[*],1
[*]C12[C@H]3C(C(=O)N([*])C3=O)C(CC1)CC2,1
[*]c1cccc(c12)n([*])c(=O)[nH]c2=O,1
[*]C(=C1)N=C(C1=2)S[C@@H]([*])C2,1
C1CCN([C@H]2[*])[C@@H]1[C@@H]([C@@H]23)C(=O)N([*])C3=O,1
C1C[C@H]([*])[C@@]([*])(C(=O)O2)C([C@@H]3[*])[C@]12[C@@H](C345)CC[C@H](C5)C(=C)C4,1
O=C1N([*])C(=O)[C@@H]([C@@H]12)[C@H]3C[C@@H]2CC3,1
[*]c1c([*])[nH]n([*])c1=O,1
[*]c(c1)ccc(c12)n([*])c(=O)n([*])c2=O,1
O=C1C[C@H]([*])[C@@H]([*])CN1[*],1
[*]c1ccc(=O)[nH]c1,1
[*]C1C=Nc(c12)nccc2[*],1
[*]c1c/c(=N/[*])[nH][nH]1,1
[*]C1=CC(=O)CCC1,1
[*]c(c1)ccc(c12)NC(=O)[C@H]([*])N2[*],1
[*]C1=NO[C@@H]([*])C1,1
[*]C1C(=O)N=C(C1=2)CC=CC2,1
[*]/N=C\1C([*])N=C(C1=2)CC=CC2,1
O=C1N([*])S(=O)(=O)c(c12)c([*])cc3c2cccc3,1
O=S1(=O)[C@H]([*])CC(=O)N1,1
[*]c(c1)ccc(c12)N([*])C(=O)C\2=N\O,1
[*]C1=NN/C(=N/[*])SC1,1
[*]C1=CC[C@H]([*])[C@@H]([*])C1,1
[*]C1([*])NC(=O)c(c12)cccc2,1
c1cc([*])c([*])c(c12)oc(=O)cc2[*],1
[*]c1n[nH]c(=O)c(c12)cccc2,1
O=C1CC[C@H]([C@@]12[*])C3=C([C@@H](C2)O[*])[C@]4([*])c5c(C(=O)O[C@@H]4[*])coc5C3=O,1
[*]C1=C[C@H]([*])C[C@@H]([*])C1,1
[*][C@H]1CCN([C@@H]12)/C(=N/[*])O[C@H]2[*],1
[*][C@H]1[C@H]([*])[C@@H]([*])[C@H]([*])N([C@@H]12)/C(=N/[*])OC2,1
[*]\N=C\1C(=O)Nc2ccc(c3c12)ncs3,1
[*]/C=C/1C(=O)Nc(c12)ccc([*])c2,1
O1N=C([*])C[C@]12[C@H]([*])[C@@H]([*])[C@H]([*])[C@@H]([*])O2,1
c1cccc2c1c(=O)n([*])c(c23)c4c(C3=O)cccc4,1
c1cc([*])cc(n([*])c2C(=O)N3)c1c2[C@@H]([*])C34CCNCC4,1
[*]c1nc([*])nc(c12)C[C@H]([*])CC\2=N/[*],1
[*]C1=C([*])N([*])C(=S)N[C@@H]1[*],1
[*]c(c1)ccc(c12)N([*])C(=O)C2=O,1
[*]C1([*])C([*])=CC([*])([*])N1[*],1
[*]c1c([*])cc([*])oc1=O,1
[*]c1cc(=O)n([*])c(c12)c([*])ccc2[*],1
[*]N1[C@H]([*])SCC1=O,1
[*]N1N=C([*])CC1([*])[*],1
[*]C(=N1)S[C@H](C12)O[C@H]([*])[C@@H]([*])[C@@H]2[*],1
[*][C@@H]1C=C[C@H]([*])[C@H]1[*],1
C1=C[C@H]([*])[C@H]([*])c(c12)cccc2,1
[*]C1=CC(=O)C([*])C(=O)O1,1
[*]c1c([*])c(=O)oc(c12)CCCCC2,1
[*]c1ncnc(c12)CC([*])([*])CC2=O,1
[*]C([C@H]12)=C([*])[C@H](O2)[C@@H]([*])[C@H]1[*],1
[*]C1=C[C@@H]([*])[C@H]([*])[C@@H]([*])[C@@H]1[*],1
O=C1[C@@H]([*])CCN1,1
[*]\N=c\1nc([*])[nH]c(c12)n([*])cn2,1
[*]c(n1)sc(c12)cc([*])cc2,1
[*]c1cc([*])c([*])c(c12)CC(=O)CCCC/C=C/CCOC2=O,1
[*]c(c1)ccc(c1c23)[nH]c(=O)c2cccc3,1
[*]c1c([*])n([*])c2cc([*])c(c3c12)C(=O)NC3=O,1
[*]c1c([*])n([*])oc1=O,1
[*]/C=C(\C(=O)O1)N=C1[*],1
[*]C1([*])C=CC([*])C=C1,1
[*]/C=C1\C(=O)C=C[C@@H]1[*],1
[*]C1[C@@H]([*])C=CC1=O,1
[*]c(c1)ccc(c12)N([*])[C@@H]3C(C=C2)=CCC=C3,1
[*]C1([*])C([*])=C([*])C([*])([*])N1[*],1
O=C1[C@@H]([*])CCCCCCCCCCN1,1
[*]c1cc(ccc1)C(=CC2([*])[*])[C@@H]([*])[C@H]([*])C2,1
[*]c(c1)ccc(c12)C(=O)NC(=O)C2=O,1
[*]C1([*])NC(=O)[C@@H]([C@@]12[*])CCO2,1
[*]C1([*])NC(=O)C([C@@]12[*])CCO2,1
[*]C(=N1)CSc(c12)cccc2,1
[*]c1cccc(c12)C=C3C(C2=O)=C([*])O[C@H]([*])C3,1
O=C1CCC([C@@]12[*])[C@H]([*])C(=O)CC2,1
[*][C@H](C1)CN([C@H]2[*])[C@@H]1C([C@@H]23)C(=O)N([*])C3=O,1
c1cc([*])cc(c12)CCC\2=N/[*],1
c1cccc(c1c23)n([*])c2CCCC3=O,1
[*][C@@H]1C(=O)N([C@@H]12)[C@@H]([*])C([*])([*])[S@@H]2[*],1
[*]c(s1)cn(c12)c(=O)n([*])c(=O)c2,1
[*]C([C@@H]12)=CC[C@@H](C2)C([*])([*])O[C@H]1[*],1
[*]\N=C1\N([*])CCS1,1
[*]C1=N[C@H]([*])C(=C)CS1,1
[*]C1=N[C@H]([*])NC(=C12)CC[C@H]([*])C2,1
[*][C@]12C=C[C@@H]([*])[C@@H](C2)O[C@H]([*])C1,1
C1CCC(=O)c(c1c23)n([*])c2cccc3,1
[*]c(c1)ccc(N([*])C2=O)c1N([*])c(c23)nccc3,1
[*][C@@H]([C@H]12)[C@@H]([*])[C@@H](C1)N=N2,1
[*]C1=N[C@H]([*])C([*])=Nc(c12)cccc2,1
c12c3c([*])ccc1C(=O)N([*])C(=O)c2ccc3,1
[*]N(C1)C(=O)[C@H]([*])Nc(c12)cccc2,1
C1CCC(=C\[*])/C([C@]12[*])CC[C@@H]2[*],1
[*]c1cc(=O)n([*])c2c1ccc(c23)OCO3,1
[*]c1cccc(c12)N([*])[C@@H]([*])C3=C(N2)CC([*])([*])CC3=O,1
[*]c1cccc(N2)c1C([*])=NC23CCN([*])CC3,1
[*]c(n1)sc(c12)C(=O)NCCC2,1
C1CCCc(c1c23)sc2nc[nH]c3=O,1
O=C1O[C@H]([*])C(=O)C1=O,1
O=C1N([*])C(=O)[C@@H]([C@@H]12)CCCC2,1
[*]C(O1)=NCC12CCN([*])CC2,1
c1cccc(c2=N[*])c1ccc(c23)cccc3,1
c1ccc(=O)n(c12)C[C@H]3C[C@@H]2CNC3,1
[*]c(c1)sc(c12)n3c(CN=C2[*])nnc3[*],1
[*]c(c1)ccc(O2)c1C(CC(=O)N3)C(C234)CN([*])CC4,1
[*]C1([*])C([*])=C([*])C(=O)O1,1
[*]C1([*])COP([*])(=O)OC1,1
[*]N(C1)CCC2=C1c(cccc3)c3Cc(c24)cccc4,1
[*]c(c1)ccc2n(c3c4c12)CCN([*])C3=NCC4,1
[*][C@]12C([*])([*])[C@H](CC1=O)CC2,1
[*]c1cc([*])cc(c12)CCCCC[C@@H]([*])CCC[C@H]([*])OC2=O,1
[*]c1c([*])c([*])cc(c12)CC[C@H]([*])c3c2ccc([*])c(=O)c3,1
c1cccc(c12)[nH]c(=O)oc2=O,1
[*][C@H]1CC[C@H]([C@@]12[*])[C@H]3[C@H](CC2)[C@@H]4C(CC3)=C([*])C(=O)CC4,1
[*]C1([*])C(=O)CCNC1=O,1
[*]C1([*])C(=O)N([*])N([*])C1=O,1
[*]c1nc(=N[*])nc([*])[nH]1,1
[*][n+]1cc([*])c(=O)n(c12)C([*])CCC2,1
[*]C1([*])C([*])=NC(=O)N([*])C1=O,1
[*]C1=C([*])C(=O)C=C([*])C1=O,1
[*]c1ccc(=O)oc1,1
[*]C1=CC[C@@H]([*])C[C@@H]1[*],1
[*]C1([*])C([*])=NC=CC1=O,1
[*]C1=N/C(=N/[*])OC1[*],1
[*]c(c1)ccc(c12)sc(=O)o2,1
O=C1CCC(=O)N1,1
[*]C([*])([C@@H]12)[C@H](C1)C(=O)C=C2[*],1
[*]C1([*])C(=O)NC(=O)CC1,1
[*]\N=c(\c1)[nH]nc(c12)CCN([*])C2,1
[*]C1=NCCN([*])c(c12)ccc(Cl)c2,1
[*]C1([*])C(=O)CCc(c12)cccc2,1
[C@]123c4c5c([*])ccc4C[C@@H](N([*])CC3)C2CC=C([*])[C@@H]1O5,1
c1ccnc(c1c23)C(=O)C(=O)c2nccc3,1
[*]C1C(=O)N([*])c(c12)ccc([*])c2,1
O=c1c([*])c([*])oc(c12)c([*])c([*])cc2,1
[*]C1=CCCC1,1
[*][C@H]1CC[C@H]([C@@]12[*])[C@H]3[C@H](CC2)[C@]4([*])C(CC3)=CC(=O)C=C4,1
[*]N1C(=O)N([*])C(C12)N([*])C(=O)N2[*],1
O=C1C([*])C(=O)c(c12)ccc([*])c2,1
O=C1[C@@H]([*])[C@@H]([*])N1[*],1
[*]C1([*])C([*])=C([*])C(=O)C([*])=C1[*],1
c1cc([*])c([*])c(c12)oc3c(c2=O)cccc3,1
[*]C1([*])CC[C@H]([C@@]12[*])[C@H]3[C@H](CC2)[C@]4([*])C(CC3)=CC(=O)C=C4,1
[*][C@H]1CC[C@H]([C@@]12[*])[C@H]3[C@H](CC2)[C@]4([*])[C@@H](CC3)CC(=O)C[C@@H]4[*],1
O=C1CC([*])CN1[*],1
[*]C1([*])CC[C@H]([C@@]12[*])[C@H]3[C@H](CC2)[C@]4([*])C([C@@H]([*])C3)=CC(=O)CC4,1
[*]c(c1)c([*])cc(c12)CN([*])C2=O,1
[*][C@H]1CC[C@H]([C@@]12[*])[C@H]3[C@H](CC2)C4=C([C@H]([*])C3)C[C@@H]([*])CC4,1
[*]n1cc([*])c(=O)c(c2)c1cc(c23)OCO3,1
[*]C1=NN([*])C(=O)C1[*],1
[*]/N=C\1C(=O)N([*])c(c12)cccc2,1
[*]c1nc(=O)n([*])c(c12)cc([*])cc2,1
[*][n+]1ccn(c12)nccc2,1
c1cccc(c12)n([*])c3c(c2=O)cccc3,1
C1CCCC(N=C2[*])N1C23CCN([*])CC3,1
[*]\N=C(\C1=O)C=Cc(c12)cccc2,1
[*]C1([*])CC[C@H]([C@@]12[*])[C@H]3C(CC2)[C@@H]4C(=CC3)C=C([*])CC4,1
[*]c(c1)c([*])cc(c12)NC([*])NC2=O,1
[*][C@H]1CC[C@H]([C@@]12[*])[C@H]3[C@H](CC2)[C@]4([*])[C@@H](CC3)CC(=O)C=C4[*],1
[*]C=C1C=CN([*])C=C1,1
O=C1N([*])C(=O)C(=C12)CCCC2,1
[*]c(c1)c([*])c(c2c13)SCCn2cc([*])c3=O,1
Clc1cn([*])cc(Cl)c1=O,1
[*]C1([*])[C@H]([*])C=CCC1,1
C1CCN2CCc(c3[C@@H]2[C@@]14[*])c5c(n3C(=O)C4)cccc5,1
[*]C(=C1)CC(CC12)CC2,1
[*]c1c([*])c([*])c([*])c(c1C23[*])OC2=CC(=O)C([*])C3=O,1
C1CN=C([*])c(c1c23)[nH]c2cc([*])cc3,1
N1N=C([*])CC1([*])[*],1
[*][C@H]1CC[C@H]([C@@]12[*])C3[C@H](CC2)[C@]4([*])C(C([*])C3[*])=CC(=O)C([*])C4[*],1
[*]C1([*])CC[C@H]([C@@]12[*])[C@H]3[C@H](CC2)[C@]4([*])C(CC3)=CC(=O)CC4,1
[*]C1([*])C(=C)C[C@H]([C@@]12[*])[C@H]3[C@H](CC2)[C@@H]4C(CC3)=CC(=O)CC4,1
[*]C(=N1)C([*])([*])Oc(c12)cccc2,1
[*]C1([*])CC[C@H]([C@@]12[*])[C@H]3[C@H](CC2)[C@@H]4C(=CC3)C=C([*])CC4,1
[*]C1=NCC(=O)Nc(c1c23)sc2CCCC3,1
[*]c1cc([*])cc(c12)OC([*])([*])C=C2,1
C1CC[C@@H]([*])N([C@H]12)C(=O)[C@@H]([*])CCS2,1
[*]n1cnc(c12)n([*])c(=O)[nH]c2=O,1
[*]C1=NCC([*])C1,1
c1cc([*])cc2oc(=O)c(c3c12)CCCCC3,1
[*][C@H]1CC[C@H]([C@@]12[*])[C@H]3[C@H](CC2)[C@]4([*])[C@@H](CC3)CC(=O)CC4,1
N1CCC[C@@H]2[C@@H](C=C([*])C3)Cc(c4[C@]123)nc([*])cc4,1
O=c1nc([*])[nH]c(c12)NCC([*])N2[*],1
O=c1nc([*])[nH]c(c12)n([*])c(=O)s2,1
[*]c(c1)c([*])cc(c12)ncn([*])c2=O,1
[*]N(C1)C([*])=Nc(c12)cccc2,1
[*][C@@H]1CCCN(N12)C(=O)CC[C@H]([*])C2=O,1
[*][C@H](O1)[C@@H]([*])CC1=O,1
c1ccc([*])c(c12)[nH]c3c(c2=O)cccc3[*],1
[*]c1cc(=O)oc(c12)c3c(O[C@H]([*])[C@@H]([*])[C@@H]3[*])c4c2OC([*])([*])C=C4,1
[*][C@@H]1CC(=C[*])C[C@@H]([*])C1=C,1
C=C1[C@H]([*])CC([*])C[C@H]1[*],1
O=C1N([*])C([*])c(c12)cccc2,1
c1cc([*])cc(c12)OCC([*])=C2,1
[*]N1C(=O)N([*])CC1=O,1
[*][C@H](C1)N([*])N=C([*])c(c2)c1cc(c23)OCO3,1
[*]C1=NC(=O)N(C12)C2,1
c12c3cc([*])cc2cccc1C(=O)N([*])C3=O,1
[*]C([*])([C@H]12)[C@@H](C1)[C@@H]([*])CC2=O,1
O=c1cc([*])n([*])c(c12)cccc2,1
[*][C@H](S1)C(=O)NC12CCN([*])CC2,1
[*]c(n1)c[nH]c(c12)nc([*])nc2=O,1
[*]C1([*])CCC([C@@]12[*])C3[C@H](CC2)[C@]4([*])C(=C[C@@H]3[*])C[C@@H]([*])CC4,1
c1[nH][nH]c(c12)nc(=O)[nH]c2=O,1
[*]/C=C(\C1=C)C[C@@H]([*])[C@@H]([*])[C@@H]1[*],1
[*]c1c([*])occc1=O,1
[*]c1cccc(c12)N([*])C(=O)CC2,1
[*]C1=NC([*])CON1,1
[*]c1cccc(S(=O)(=O)C2)c1C(=O)c(c23)scc3,1
[*]c1c([*])c(=O)n([*])c(c12)scc2,1
[*]C1=NCCCC1[*],1
O=C1C([*])[C@H]([*])CO1,1
C1CC([*])[C@@H]([*])[C@H]([C@@]12[*])CCC(=C)[C@H]2[*],1
[*][C@H]1CC[C@H]([C@@]12[*])[C@H]3[C@H](CC2)[C@@H]4C(C[C@H]3[*])=CC(=O)CC4,1
[*]c1c([*])c(=O)[nH]c(c12)cccc2[*],1
[*]C1=CCCC[C@H]1[*],1
[*]C1=N[C@H]([*])CO1,1
C1=CC[C@H]([C@@]12[*])[C@H]3C(CC2)c4c(CC3)cc([*])c([*])c4,1
[*]C(S1)=NN([*])C1([*])[*],1
[*]c1nn([*])c(c12)CC([*])([*])CC2=O,1
[*]c(c1)c([*])cc(c12)[nH]c([*])nc2=O,1
[*]/C=C(\C1=C)C[C@@H]([*])C[C@@H]1[*],1
C=C1C([*])C[C@@H]([*])C[C@@H]1[*],1
[*]c(n1)c([*])c(=O)n(c12)cccc2[*],1
c1cc([*])c([*])c(c12)oc3c(c2=O)cccc3[*],1
O=c1nc([*])n([*])c(c12)CCC2,1
[*][C@H]1[C@@H]([*])[C@@H](C2)C=C[C@H]12,1
O=C1[C@@H]([*])CC[C@@H]([*])N([*])C1,1
[*]N=C1NCCCN1,1
[*]/C=C1\[C@H]([*])[C@@H]([*])O[C@H]1[*],1
[*]c1cc([*])cc(c12)OC([*])([*])[C@@H]3[C@@H]2CC([*])=CC3,1
[*]c(n1)[nH]c(c12)N([*])C(=O)C([*])C2=O,1
[nH]1c(=O)n2C[C@H]([*])Cc3cccc1c23,1
[*]c1cnc(=O)n([*])c1,1
O=C1N([*])S(=O)(=O)c(c12)cccc2,1
[*]n1c([*])nc(c12)c(=N)[nH]c3c2cccc3,1
[*]C1([*])C([*])=C([*])C(=O)[C@@H]([*])C1,1
O=c1[nH]oc(c12)CNCC2,1
[*][C@@H]1CCC[C@H]2N1C(=O)[C@@H]([*])Cc(c23)cccc3,1
[*][C@@H](O1)[C@H]([*])N([*])C1=O,1
[*]C1([*])C=CC([C@@]12[*])[C@H]3[C@H](CC2)[C@@H]4C(CC3)=CC(=O)CC4,1
[*]c1cc([*])cc(c12)C(=O)c3c(C2=O)c([*])cc([*])c3,1
[nH]1c(=O)[nH]c(c12)[nH]c(=O)[nH]c2=O,1
c12c3c4c(=O)oc2c([*])c([*])cc1c(=O)oc3c([*])c([*])c4,1
[*]c(c1)ccc(c12)N=C([*])OC2([*])[*],1
O=C1C([*])CCC1,1
[*]C1=C([*])NC([*])=C([*])C1[*],1
[*]c1n([*])c(=N)on1,1
[*]c1c([*])c(=O)n([*])c(c12)cccc2,1
O=C1[C@H]([*])O[C@@H]([*])CC1,1
[*]C(=N1)OCC1([*])[*],1
[*]C1([*])C(=O)N([*])C(=O)N([*])C1=O,1
[*]c1c([*])c[nH]c(c1)=N,1
[*]c1c[nH]c(c12)c(=N)[nH]cn2,1
O=C1C([*])C(=O)N([*])C(=O)N1[*],1
[*]c1cc(=O)[nH]c(=S)n1[*],1
C12C(=O)C([*])([*])N(CC1)CC2,1
[*]c1cc([*])cc(c12)/C=C/C[C@H]([*])[C@H]([*])C(=O)/C=C\[C@@H]([*])[C@H]([*])OC2=O,1
C1CC([*])CCS1(=O)=O,1
[*]c1c([*])[nH]c(c12)CCN([*])C2=O,1
O=C1CN([*])C[C@@H]2N1CCc(c23)cccc3,1
O1C[C@H]([*])N([C@H]12)C(=O)c3n(C2)cc([*])c(=O)c3[*],1
[*]c(c1)ccc(c12)N([*])CCCC(\[*])=C/2,1
c1cccc(N([*])C2=O)c1[C@@]23c4c(OC3)cc5c(c4)OCO5,1
O=C1N([*])[C@H]([*])CN1[*],1
[*]c1cn([*])c(c12)c(=O)[nH]c([*])n2,1
[*]c(n1)c[nH]c(c12)ncnc2=O,1
[*]C=1C([*])C([*])C(C([*])CC2[*])C1[C@@H](C23[*])OC(=O)C3[*],1
[*]N(N1)[C@@H]([*])[C@H](C=12)CCc3c2ccc([*])c3,1
O=S1(=O)CC([*])N([*])CC1,1
[*]C1C[C@H](C12)CC([*])=C2,1
N=C(N1)N([*])CC1=O,1
[*]C1=NN([*])[C@H]([*])S1,1
c1cccc2[C@H]([*])C(=O)Nc(c3c12)cccc3,1
[*]C(S1)n(c12)c3c(c(=O)c2[*])cc([*])c([*])c3,1
O=C1CSC(=O)N1,1
[*]c1n([*])nc(c12)c(=O)[nH]c([*])n2,1
O=c1cc([*])[nH]c(c12)cccc2,1
[*]C(O1)CCC(C(=O)C2=O)=C1c(c23)cccc3,1
O=C1[C@@H]([*])NC(=O)N1,1
[*]c(c1)c(=O)n([*])c(c12)nc(=N)[nH]c2[*],1
[*]c1cc([*])cc(c12)[nH]c([*])nc2=O,1
O=C1C([*])SC(=N/[*])\N1[*],1
[*]c1c([*])c([*])cc(c12)CN([*])C2=N,1
c1cccc2[C@H]([*])C(=O)N([*])c(c3c12)nccc3,1
[*]C(N1)=C([*])[C@@H]([*])n(c12)ncc2,1
c1cc([*])cc(c12)ncn([*])c2=O,1
[*]C1([*])C=C[C@H]([*])O1,1
c1nn([*])c(C(=O)C2)c1CC23CCN([*])CC3,1
[*]n1c(=O)n([*])ncc1=O,1
[*]/N=c\1[nH]c([*])cn(c12)ccn2,1
c1cccc(n2C([*])=C3)c1c(c2[C@@H]4[C@]35[*])CCN4CCC5,1
n1cc(=O)n2[C@H]([*])Cn3c(=O)ccc1c23,1
[*]c1nc([*])nc(c12)n([*])c(=O)cc2,1
O=C1C([*])CCCC1,1
[*]c(c1)oc(c12)C(=O)c3c(C2=O)cccc3,1
C1C[C@H]([*])CC[C@]12c3c(C(=O)O2)ccnc3,1
[*]c1c([*])c1=O,1
[*]C1([*])CC(=O)N([*])C(=O)C1,1
[*]c(c1)[nH]c(c12)cccc2,1
[*]c1cc([*])cc(c12)OC([*])([*])[C@H]3[C@H]2CC([*])=CC3,1
O=C1CC[C@H]([C@@]12[*])[C@H]3[C@H](CC2)[C@]4([*])C(CC3)=CC(=O)C=C4[*],1
O=C1[C@@H]([*])[C@H]([*])C(=O)N1,1
[*]c(n1)cnc(c12)[nH]c(=O)n2[*],1
O=c(o1)ccc(c2[*])c1cc(c23)occ3,1
S1C[C@@H]([*])NC1=O,1
O=C1[C@H]([*])CC[C@@H]([*])CN1[*],1
[*]c(c1)c([*])cc(c12)nc([*])[nH]c2=N,1
c1cc([*])cc(c12)oc(=O)[nH]2,1
[*]c([nH]1)cc(=O)c(c12)scc2,1
[*]N1C([*])=N[C@H]([*])CS1(=O)=O,1
[*]C1=NN=C([*])CC1[*],1
[*]c1cc(=O)cco1,1
c1cc([*])c([*])c(c12)occ([*])c2=O,1
c1cc([*])cc(c12)N=C([*])CC([*])=C2,1
[*][C@@H]1C[C@H]([*])C(=O)C([C@]12[*])[C@]3([*])[C@@H](CC2)C(=O)O[C@H]([*])C3,1
[*]C1=C([*])CN([*])C1=O,1
O=C1N([*])C([*])=COc(c12)cccc2,1
[*]N1CCCNc(c12)c(=O)c2=O,1
[*]C1=NC([*])([*])c(c12)cccc2[*],1
[*]c1nc([*])nc(c12)cccc2,1
C1C[C@@H]([*])N(C(=O)N2[*])C[C@@H]12,1
[*]c1c(Cl)cn([*])c(n1)=O,1
[*]c(c1)c([*])cc(c12)[nH]c(=O)c(=O)n2[*],1
[*]c(c1)c(=O)n([*])c(c12)nc([*])nc2[*],1
[nH]1cc([*])c(=O)c(c12)scc2,1
c12c3cn([*])c1ncnc2n([*])[nH]c3=N,1
[*]C1([*])CCC(=O)N([*])C1,1
O=C1NS(=O)(=O)c(c12)cccc2,1
[*]c(c1)cc([*])c(N2)c1N([*])C(=O)c(c23)cccc3[*],1
[*]c(c1)ccc(C2)c1C[C@@]23c4c(NC3=O)nccc4,1
N1C[C@@H]([*])N([*])C(=O)C12CCCC2,1
[*]N(C1)CCN([C@H]12)C(=O)CC2,1
[*]c1cc(=O)oc(c12)[nH]c(=O)[nH]c2=O,1
[*]c(c1)c([*])c(c2c13)CCC([*])n2cc([*])c3=O,1
[*]n1c(=O)[nH]c(c12)nccc2,1
[*][C@@H]1C(=O)N([*])CCc(c12)cccc2,1
c1cccc(C2N3[*])c1C(=O)C3C(=C24)C(=O)c5c(C4=O)cccc5,1
[*]N(C1)CC(=N\[*])\C12CNC2,1
[*]C(N1)CCN([*])C1=O,1
[*]c1/c(=N/[*])[nH]c([*])nc1,1
[*]c1c([*])nc([*])cc1,1
[*]n1[nH]nnc1=N,1
[*]C1=N[C@H]([*])NC([*])=N1,1
[*][C@@H]1N[C@@H]([*])[C@H]([*])[C@@]12c3c(NC2=O)cc([*])cc3,1
[*]c1c([*])ccc(c1[C@]234)C[C@@H](N([*])CC4)[C@]2([*])CCC(=O)C3,1
C1OC[C@H]([C@]12[*])CSC([*])=N2,1
[*]C(O1)COc(c12)cccc2,1
c1cc([*])cc(C(=O)O2)c1C23c4c(cc([*])cc4)Oc5c3ccc([*])c5,1
[*]C=1NC(=N)NC(C12)=NC[C@H]([*])N2,1
[*]C1C(=O)N([C@@H]12)C([*])=C([*])[C@@H]2[*],1
O=c1n([*])[se]c(c12)cccc2,1
c12c3c([*])[nH]c1cc([*])cc2c(=O)[nH]nc3,1
c1cccc(C2)c1CC23N4C(=NC3=O)C=CC=C4,1
[*]N=c1ccn([*])cc1,1
[*]C1([*])CC[C@H]([C@]12[*])[C@H]3C([C@@H]([*])C2)=C4C(CC3)=CC(=O)CC4,1
O=C1N([*])[C@H]([*])[C@@H]([*])c(c12)cccc2,1
c1nc([*])nc(c12)n([*])c(=O)n2[*],1
O=c1[nH]c([*])nc(NC2)c1N([C@H]23)CN([*])C3,1
[*]c(n1)c([*])c(=O)n(c12)ccs2,1
n1nc([*])n(c12)c3c(N([*])C(=O)[C@H]2[*])cccc3,1
[*]c(c1)c(=O)n([*])c(c12)cccc2,1
[*]C1CN([*])C=C([*])c(c1c23)[nH]c2cccc3,1
[*]C1([*])[C@@H]([*])CC(=O)O1,1
O1N=C([*])CC1([*])[*],1
[*]c1nc(=N)[nH]c(c12)NC[C@H]([*])C2,1
C1CN([*])C=CC1=O,1
c1cc([*])cc(C2)c1N=C3N2C(=O)c(c34)cccc4,1
C1CC([*])=CCC1([*])[*],1
O1C[C@H]([*])N([*])C1=O,1
[*]c1cc([*])cc(c12)cc([*])oc2=O,1
[*]c1cc([*])cc(c12)OC([*])C3=C2CC([*])CC3,1
[*]c(n1)[nH]c(c12)ccc([*])c2,1
[*]c1c(=O)[nH]c(=O)n([*])n1,1
[*]c(n1)[nH]c(c12)n([*])c(=O)n([*])c2=O,1
[*]C1([*])C(=O)N([*])c(c12)cc([*])cc2,1
c1cc([*])nc(c12)NC(=O)CC2,1
C1CC([*])[C@@H]([*])[C@@H]([C@]12[*])CCC2=C,1
C1CC(=O)N(C12)CC(=O)N2,1
[*]c1c([*])[nH]c(c12)CCCN([*])C2=O,1
[*][C@H]1C(=O)N([C@@H]12)C([*])=C([*])[C@@H]2[*],1
O=c1c([*])cn([*])c(c12)nccc2,1
[*][C@H]1[C@H]([*])C[C@H]([C@@]12[*])[C@H]3C(=CC2)[C@]4([*])C(CC3)=CC(=O)C=C4,1
c1cc([*])cc2C([*])=NCc(c3c12)cnc([*])n3,1
[*]C(=N1)SCCC1([*])[*],1
[*]N1C=NN([*])CC1,1
[*]c1cccc(c12)C([*])=N[C@H]([*])C(=O)N2,1
C1C[C@@H]([*])C2CC[C@@]([*])(OO3)O[C@H]4OC(=O)[C@H]([*])C1[C@@]234,1
[*]C1=CC[C@@H]([*])OC1=O,1
[*]c1c(=O)c([*])nn([*])c1,1
[*]C([*])(C1)Cc(c12)n3c(c2)C(=O)N([*])CC3,1
[*]c(c1)sc(c12)c(=O)n([*])cn2,1
[*]C(=N1)C([*])=NC12[C@]3(CC[C@H]([*])CC3)Cc4c2cc([*])cc4,1
[*]C1=C([*])CC([*])CC1=O,1
[*]c(c1)cc([*])c(c12)sc([*])nc2=O,1
[*]c(c1)c(=O)n([*])c(c12)cc([*])nc2,1
C1CN([*])CC(C(=O)N2[*])=C1N(C2=3)CCN3,1
c1ccc([*])c2c1[nH]c3c(CCC4)c4c(c5c23)C(=O)N([*])C5=O,1
[*]c1ncnc(c12)OCCN([*])C2=O,1
C1C[C@@H]([*])n(c12)c(=O)ccn2,1
[*]C1=C[C@@H]([*])O[C@H]1[*],1
[*]c1cc(=O)n([*])c(=O)[nH]1,1
[*]C1=C([*])[C@H]([*])Oc(c12)ccc([*])c2,1
[*]C(=N1)NC(=O)C12CCN([*])CC2,1
[*]C1([*])C(=O)NC(=O)N1[*],1
[*]c1cc([*])cn(c12)c(=O)cc([*])n2,1
[*]c(c1)cc([*])c(c12)oc([*])cc2=O,1
C1CN([*])CCC12c3c(C=C2)cccc3,1
[*]C1CC[C@H]([C@@]12[*])[C@H]3C(CC2)[C@]4([*])C(=CC3)C[C@@H]([*])CC4,1
O=C1CN([*])CCN1,1
c1cc([*])cc(c12)oc(=O)n2[*],1
[*]c1c(=O)n([*])c(=O)n([*])c1,1
c1cccc(N=C2[*])c1Oc(c23)cccc3,1
[*]c(c1)[nH]c(c12)ncc3c2N([*])C(=O)N([*])C3,1
[*]C(=N1)SC[C@@H]([C@@]12[*])C[C@H]([*])OC2,1
[*][C@@H]1C[C@@H](C2([*])[*])[C@@H]2[C@@H](C3=O)C=C([*])[C@@H]([*])[C@@]([*])(C134)[C@@H]([*])C([*])=C4,1
[*]C1([*])[C@H]([*])C[C@H]([C@@]12[*])[C@H]3C(=CC2)[C@]4([*])C(CC3)=CC(=O)C=C4,1
[*]C1=CC(=O)N([*])C1,1
[*][C@@H]1CC=NN1[*],1
[*]n1ncccc1=O,1
[*]c1ncnc(c12)n([*])c(=O)n2[*],1
C1CC([*])([*])CCC1(N[C@@H]([*])[C@@H]2[*])[C@]23c4c(NC3=O)cc(Cl)cc4,1
[*]c(c1)cnc(c12)N([*])C(=O)CC2,1
O1C[C@@H]([*])N([*])C1=O,1
[*][C@@]12[C@@]3([*])[C@H](O[C@@H]([*])O3)C[C@H]1[C@H]4[C@H](CC2)[C@@H]5C(CC4)=CC(=O)CC5,1
c1ccc([*])c(c12)n([*])c(=O)n([*])c2=O,1
[*]c(c1)ccc(c12)oc([*])cc\2=N/[*],1
c12c3ccnc(n3)Nc4cc(c([*])cc4)COC\C=C\COCc(o2)cc1,1
[*]C1([*])C(=O)N([*])[C@H]([*])[C@@H]([*])C1,1
c1cc([*])cn(c12)c(=O)cc([*])n2,1
[*]C(=N1)SC=CC1([*])[*],1
[*]c(c1)cnc(C2)c1C[C@@]23c4c(NC3=O)nccc4,1
O=C1[C@@H]([*])C[C@@H]([*])[C@@H]([*])N1[*],1
[*][C@H](O1)[C@@H]([*])NC1=O,1
[*][C@@H]1Cn2c(=O)ccc(c2c13)ccc3[*],1
O=C1[C@H]([*])N([*])C[C@H]([*])N1,1
C1O[C@H]([*])[C@H]([C@]12[*])CSC([*])=N2,1
[*]c(c1)ccc(c12)nc([*])n([*])c2=O,1
[*]/C=C(\C1([*])[*])N([*])c(c12)ccc([*])c2,1
[*]/C=C/1CCCC([*])=C1[*],1
[*]C1=C(O[*])C([*])CCC1,1
C1CC([*])=C([*])CC1([*])[*],1
C1=CC([*])C=CC1=N[*],1
[*]c1ccc([*])o1,1
[*]C1=C([*])C(=O)N=C1[*],1
[*]C1([*])N([*])C(=O)c(c12)cccc2,1
